datetime,open,high,low,close,volume,adj_close
2013-04-28,135.3,135.98,132.1,134.21,154014551.22727272,134.21
2013-04-29,134.44,147.49,134.0,144.54,154014551.22727272,144.54
2013-04-30,144.0,146.93,134.05,139.0,154014551.22727272,139.0
2013-05-01,139.0,139.89,107.72,116.99,154014551.22727272,116.99
2013-05-02,116.38,125.6,92.28,105.21,154014551.22727272,105.21
2013-05-03,106.25,108.13,79.1,97.75,154014551.22727272,97.75
2013-05-04,98.1,115.0,92.5,112.5,154014551.22727272,112.5
2013-05-05,112.9,118.8,107.14,115.91,154014551.22727272,115.91
2013-05-06,115.98,124.66,106.64,112.3,154014551.22727272,112.3
2013-05-07,112.25,113.44,97.7,111.5,154014551.22727272,111.5
2013-05-08,109.6,115.78,109.6,113.57,154014551.22727272,113.57
2013-05-09,113.2,113.46,109.26,112.67,154014551.22727272,112.67
2013-05-10,112.8,122.0,111.55,117.2,154014551.22727272,117.2
2013-05-11,117.7,118.68,113.01,115.24,154014551.22727272,115.24
2013-05-12,115.64,117.45,113.44,115.0,154014551.22727272,115.0
2013-05-13,114.82,118.7,114.5,117.98,154014551.22727272,117.98
2013-05-14,117.98,119.8,110.25,111.5,154014551.22727272,111.5
2013-05-15,111.4,115.81,103.5,114.22,154014551.22727272,114.22
2013-05-16,114.22,118.76,112.2,118.76,154014551.22727272,118.76
2013-05-17,118.21,125.3,116.57,123.02,154014551.22727272,123.02
2013-05-18,123.5,125.25,122.3,123.5,154014551.22727272,123.5
2013-05-19,123.21,124.5,119.57,121.99,154014551.22727272,121.99
2013-05-20,122.5,123.62,120.12,122.0,154014551.22727272,122.0
2013-05-21,122.02,123.0,121.21,122.88,154014551.22727272,122.88
2013-05-22,122.89,124.0,122.0,123.89,154014551.22727272,123.89
2013-05-23,123.8,126.93,123.1,126.7,154014551.22727272,126.7
2013-05-24,126.3,133.85,125.72,133.2,154014551.22727272,133.2
2013-05-25,133.1,133.22,128.9,131.98,154014551.22727272,131.98
2013-05-26,131.99,136.0,130.62,133.48,154014551.22727272,133.48
2013-05-27,133.5,135.47,124.7,129.75,154014551.22727272,129.75
2013-05-28,129.77,130.58,125.6,129.0,154014551.22727272,129.0
2013-05-29,129.0,132.59,127.66,132.3,154014551.22727272,132.3
2013-05-30,132.25,132.25,127.0,128.8,154014551.22727272,128.8
2013-05-31,128.8,129.9,126.4,129.0,154014551.22727272,129.0
2013-06-01,128.81,129.78,127.2,129.3,154014551.22727272,129.3
2013-06-02,129.3,129.4,115.05,122.29,154014551.22727272,122.29
2013-06-03,122.5,122.5,116.0,122.22,154014551.22727272,122.22
2013-06-04,120.74,123.84,119.1,121.42,154014551.22727272,121.42
2013-06-05,121.4,123.47,119.9,121.65,154014551.22727272,121.65
2013-06-06,121.9,123.1,117.25,118.0,154014551.22727272,118.0
2013-06-07,118.97,119.0,106.42,111.5,154014551.22727272,111.5
2013-06-08,111.0,111.42,107.3,108.3,154014551.22727272,108.3
2013-06-09,107.89,108.99,88.5,100.0,154014551.22727272,100.0
2013-06-10,100.44,110.1,95.0,106.35,154014551.22727272,106.35
2013-06-11,106.35,109.6,104.0,108.9,154014551.22727272,108.9
2013-06-12,109.0,111.79,106.73,108.15,154014551.22727272,108.15
2013-06-13,108.78,110.3,100.53,104.0,154014551.22727272,104.0
2013-06-14,103.95,104.7,98.0,99.98,154014551.22727272,99.98
2013-06-15,100.0,103.7,98.0,99.99,154014551.22727272,99.99
2013-06-16,99.8,101.6,98.95,99.51,154014551.22727272,99.51
2013-06-17,99.9,102.21,99.0,101.7,154014551.22727272,101.7
2013-06-18,101.95,111.11,101.03,107.4,154014551.22727272,107.4
2013-06-19,107.05,110.22,105.75,108.25,154014551.22727272,108.25
2013-06-20,108.25,114.3,107.5,110.15,154014551.22727272,110.15
2013-06-21,111.29,114.99,107.69,109.5,154014551.22727272,109.5
2013-06-22,109.5,109.96,107.51,108.3,154014551.22727272,108.3
2013-06-23,108.2,108.8,106.23,107.6,154014551.22727272,107.6
2013-06-24,107.9,108.33,100.98,102.74,154014551.22727272,102.74
2013-06-25,102.09,106.47,101.01,103.95,154014551.22727272,103.95
2013-06-26,103.33,105.49,102.79,104.0,154014551.22727272,104.0
2013-06-27,104.0,104.0,101.1,101.44,154014551.22727272,101.44
2013-06-28,101.74,101.74,92.33,94.65,154014551.22727272,94.65
2013-06-29,94.66,99.99,93.0,94.99,154014551.22727272,94.99
2013-06-30,95.0,98.12,94.22,96.61,154014551.22727272,96.61
2013-07-01,97.51,97.66,86.3,88.05,154014551.22727272,88.05
2013-07-02,88.05,92.3,87.51,90.13,154014551.22727272,90.13
2013-07-03,90.41,90.98,76.98,77.53,154014551.22727272,77.53
2013-07-04,78.89,83.11,72.0,80.53,154014551.22727272,80.53
2013-07-05,79.99,80.0,65.53,68.43,154014551.22727272,68.43
2013-07-06,68.5,75.0,66.82,70.28,154014551.22727272,70.28
2013-07-07,68.75,74.56,66.62,74.56,154014551.22727272,74.56
2013-07-08,76.5,80.0,72.6,76.52,154014551.22727272,76.52
2013-07-09,76.0,78.3,72.52,76.69,154014551.22727272,76.69
2013-07-10,76.72,87.0,76.2,86.76,154014551.22727272,86.76
2013-07-11,88.0,90.28,85.08,88.98,154014551.22727272,88.98
2013-07-12,88.98,104.0,88.17,93.59,154014551.22727272,93.59
2013-07-13,93.99,98.25,88.06,98.13,154014551.22727272,98.13
2013-07-14,98.7,98.7,92.86,94.69,154014551.22727272,94.69
2013-07-15,93.61,101.9,93.11,98.4,154014551.22727272,98.4
2013-07-16,98.89,99.86,96.14,97.45,154014551.22727272,97.45
2013-07-17,96.71,99.97,96.18,98.5,154014551.22727272,98.5
2013-07-18,98.5,98.8,86.2,90.58,154014551.22727272,90.58
2013-07-19,90.07,95.2,87.8,92.17,154014551.22727272,92.17
2013-07-20,92.0,93.1,89.27,89.39,154014551.22727272,89.39
2013-07-21,89.82,91.95,88.0,90.76,154014551.22727272,90.76
2013-07-22,92.0,92.0,90.08,91.61,154014551.22727272,91.61
2013-07-23,91.6,96.82,91.6,95.56,154014551.22727272,95.56
2013-07-24,95.56,95.99,93.0,94.51,154014551.22727272,94.51
2013-07-25,94.5,97.33,93.87,96.9,154014551.22727272,96.9
2013-07-26,96.95,97.47,96.0,96.02,154014551.22727272,96.02
2013-07-27,96.02,97.0,93.0,94.12,154014551.22727272,94.12
2013-07-28,94.4,100.58,94.0,99.76,154014551.22727272,99.76
2013-07-29,98.6,102.5,98.45,101.2,154014551.22727272,101.2
2013-07-30,101.49,107.99,100.47,107.99,154014551.22727272,107.99
2013-07-31,107.95,111.34,103.88,106.09,154014551.22727272,106.09
2013-08-01,106.21,108.0,103.01,104.0,154014551.22727272,104.0
2013-08-02,104.86,108.0,101.21,104.5,154014551.22727272,104.5
2013-08-03,104.5,105.78,102.0,104.0,154014551.22727272,104.0
2013-08-04,104.95,105.95,103.52,105.14,154014551.22727272,105.14
2013-08-05,105.12,107.77,105.0,106.22,154014551.22727272,106.22
2013-08-06,106.72,107.38,105.56,106.75,154014551.22727272,106.75
2013-08-07,106.75,106.75,106.75,106.75,154014551.22727272,106.75
2013-08-08,106.75,106.75,101.26,103.0,154014551.22727272,103.0
2013-08-09,103.07,105.75,101.94,102.8,154014551.22727272,102.8
2013-08-10,102.8,103.9,102.41,103.0,154014551.22727272,103.0
2013-08-11,103.0,105.19,102.75,105.0,154014551.22727272,105.0
2013-08-12,105.0,108.0,103.5,106.64,154014551.22727272,106.64
2013-08-13,106.99,109.35,104.65,109.0,154014551.22727272,109.0
2013-08-14,109.56,115.0,108.0,112.56,154014551.22727272,112.56
2013-08-15,112.56,113.25,109.0,109.99,154014551.22727272,109.99
2013-08-16,110.0,112.3,108.52,108.99,154014551.22727272,108.99
2013-08-17,108.99,113.75,108.22,113.5,154014551.22727272,113.5
2013-08-18,112.75,114.69,112.0,113.5,154014551.22727272,113.5
2013-08-19,113.38,123.06,111.77,119.0,154014551.22727272,119.0
2013-08-20,119.0,123.01,117.51,121.2,154014551.22727272,121.2
2013-08-21,121.21,124.91,119.68,123.3,154014551.22727272,123.3
2013-08-22,123.3,123.5,120.6,121.15,154014551.22727272,121.15
2013-08-23,122.0,122.0,118.44,118.5,154014551.22727272,118.5
2013-08-24,118.51,121.39,118.02,120.05,154014551.22727272,120.05
2013-08-25,119.6,122.99,119.17,122.11,154014551.22727272,122.11
2013-08-26,122.11,122.75,119.93,120.06,154014551.22727272,120.06
2013-08-27,120.07,127.24,120.07,126.5,154014551.22727272,126.5
2013-08-28,126.48,127.32,122.62,122.62,154014551.22727272,122.62
2013-08-29,122.62,123.7,122.21,122.39,154014551.22727272,122.39
2013-08-30,122.35,135.75,120.99,133.49,154014551.22727272,133.49
2013-08-31,133.09,140.89,132.72,135.35,154014551.22727272,135.35
2013-09-01,135.14,145.81,134.81,138.34,154014551.22727272,138.34
2013-09-02,138.63,146.5,134.89,135.85,154014551.22727272,135.85
2013-09-03,135.61,138.34,133.0,136.77,154014551.22727272,136.77
2013-09-04,136.53,144.5,123.61,126.74,154014551.22727272,126.74
2013-09-05,126.76,131.44,121.83,126.43,154014551.22727272,126.43
2013-09-06,126.49,127.34,119.15,119.15,154014551.22727272,119.15
2013-09-07,118.89,125.94,118.46,124.15,154014551.22727272,124.15
2013-09-08,124.13,124.72,120.49,121.66,154014551.22727272,121.66
2013-09-09,121.86,129.06,119.75,127.11,154014551.22727272,127.11
2013-09-10,127.27,129.74,125.9,125.91,154014551.22727272,125.91
2013-09-11,125.89,137.83,123.27,135.25,154014551.22727272,135.25
2013-09-12,135.55,136.08,131.81,133.13,154014551.22727272,133.13
2013-09-13,132.83,137.58,132.27,134.98,154014551.22727272,134.98
2013-09-14,135.01,135.85,128.87,129.22,154014551.22727272,129.22
2013-09-15,129.4,131.44,128.26,130.37,154014551.22727272,130.37
2013-09-16,130.86,132.72,129.77,131.72,154014551.22727272,131.72
2013-09-17,131.59,132.76,124.89,131.66,154014551.22727272,131.66
2013-09-18,131.71,133.2,130.54,131.47,154014551.22727272,131.47
2013-09-19,131.37,131.77,128.45,129.65,154014551.22727272,129.65
2013-09-20,129.7,135.62,126.68,127.04,154014551.22727272,127.04
2013-09-21,126.95,128.61,126.24,127.43,154014551.22727272,127.43
2013-09-22,127.87,133.94,126.59,129.12,154014551.22727272,129.12
2013-09-23,128.98,132.72,125.66,125.95,154014551.22727272,125.95
2013-09-24,126.05,127.46,125.39,127.25,154014551.22727272,127.25
2013-09-25,127.38,129.69,127.33,128.22,154014551.22727272,128.22
2013-09-26,128.21,134.93,127.32,128.38,154014551.22727272,128.38
2013-09-27,128.94,134.74,128.49,133.78,154014551.22727272,133.78
2013-09-28,133.77,135.63,132.56,134.78,154014551.22727272,134.78
2013-09-29,134.9,140.61,134.71,137.34,154014551.22727272,137.34
2013-09-30,137.15,138.35,130.27,133.0,154014551.22727272,133.0
2013-10-01,132.68,134.63,131.55,132.18,154014551.22727272,132.18
2013-10-02,132.05,133.59,102.25,114.13,154014551.22727272,114.13
2013-10-03,114.45,123.63,111.82,123.63,154014551.22727272,123.63
2013-10-04,123.41,130.09,123.41,129.01,154014551.22727272,129.01
2013-10-05,128.63,130.44,128.03,128.55,154014551.22727272,128.55
2013-10-06,128.36,129.66,126.15,129.0,154014551.22727272,129.0
2013-10-07,129.43,130.27,126.36,126.94,154014551.22727272,126.94
2013-10-08,126.74,127.47,124.71,126.0,154014551.22727272,126.0
2013-10-09,125.85,131.75,125.58,130.69,154014551.22727272,130.69
2013-10-10,130.67,131.5,129.26,130.59,154014551.22727272,130.59
2013-10-11,130.75,131.81,129.64,130.9,154014551.22727272,130.9
2013-10-12,130.9,135.66,130.56,135.19,154014551.22727272,135.19
2013-10-13,135.19,138.66,134.55,138.13,154014551.22727272,138.13
2013-10-14,139.27,144.12,138.9,140.52,154014551.22727272,140.52
2013-10-15,140.77,145.39,139.13,145.24,154014551.22727272,145.24
2013-10-16,145.65,152.23,142.43,142.55,154014551.22727272,142.55
2013-10-17,142.41,147.42,142.41,146.25,154014551.22727272,146.25
2013-10-18,146.37,155.96,145.57,155.96,154014551.22727272,155.96
2013-10-19,155.91,177.48,155.7,172.42,154014551.22727272,172.42
2013-10-20,171.66,174.91,168.95,174.61,154014551.22727272,174.61
2013-10-21,174.8,184.82,174.8,182.21,154014551.22727272,182.21
2013-10-22,182.65,196.27,182.65,193.76,154014551.22727272,193.76
2013-10-23,193.36,213.62,192.38,213.62,154014551.22727272,213.62
2013-10-24,214.3,217.42,168.52,198.23,154014551.22727272,198.23
2013-10-25,197.69,198.87,168.5,186.69,154014551.22727272,186.69
2013-10-26,187.45,188.41,175.75,177.32,154014551.22727272,177.32
2013-10-27,176.6,196.44,176.6,196.44,154014551.22727272,196.44
2013-10-28,196.21,198.62,192.06,198.55,154014551.22727272,198.55
2013-10-29,198.55,204.79,198.55,204.39,154014551.22727272,204.39
2013-10-30,204.39,209.16,199.97,199.97,154014551.22727272,199.97
2013-10-31,199.83,205.18,198.85,204.0,154014551.22727272,204.0
2013-11-01,203.9,206.65,202.13,206.18,154014551.22727272,206.18
2013-11-02,205.81,207.76,201.65,206.22,154014551.22727272,206.22
2013-11-03,205.99,215.05,203.99,215.05,154014551.22727272,215.05
2013-11-04,214.66,231.01,213.94,229.1,154014551.22727272,229.1
2013-11-05,229.21,250.66,226.22,245.24,154014551.22727272,245.24
2013-11-06,244.78,263.0,244.78,262.5,154014551.22727272,262.5
2013-11-07,261.68,304.17,261.55,296.41,154014551.22727272,296.41
2013-11-08,297.85,338.66,296.93,338.11,154014551.22727272,338.11
2013-11-09,338.58,370.82,319.71,339.11,154014551.22727272,339.11
2013-11-10,348.82,350.7,277.24,326.62,154014551.22727272,326.62
2013-11-11,325.41,351.27,311.78,342.44,154014551.22727272,342.44
2013-11-12,343.06,362.81,342.8,360.33,154014551.22727272,360.33
2013-11-13,360.97,414.05,359.8,407.37,154014551.22727272,407.37
2013-11-14,406.41,425.9,395.19,420.2,154014551.22727272,420.2
2013-11-15,419.41,437.89,396.11,417.95,154014551.22727272,417.95
2013-11-16,417.28,450.26,415.57,440.22,154014551.22727272,440.22
2013-11-17,440.96,500.58,440.24,492.11,154014551.22727272,492.11
2013-11-18,496.58,703.78,494.94,703.56,154014551.22727272,703.56
2013-11-19,712.76,806.11,456.39,584.61,154014551.22727272,584.61
2013-11-20,577.98,599.65,448.45,590.83,154014551.22727272,590.83
2013-11-21,594.32,733.4,577.29,722.43,154014551.22727272,722.43
2013-11-22,724.07,780.85,668.13,771.44,154014551.22727272,771.44
2013-11-23,771.7,844.97,771.7,797.82,154014551.22727272,797.82
2013-11-24,795.63,807.36,722.87,774.25,154014551.22727272,774.25
2013-11-25,773.02,810.68,754.43,799.11,154014551.22727272,799.11
2013-11-26,805.73,928.54,800.8,928.1,154014551.22727272,928.1
2013-11-27,923.85,1001.96,891.68,1001.96,154014551.22727272,1001.96
2013-11-28,1003.38,1077.56,962.17,1031.95,154014551.22727272,1031.95
2013-11-29,1042.01,1146.97,1000.64,1131.97,154014551.22727272,1131.97
2013-11-30,1129.37,1156.14,1106.61,1129.43,154014551.22727272,1129.43
2013-12-01,1128.92,1133.08,801.82,955.85,154014551.22727272,955.85
2013-12-02,951.42,1055.42,938.41,1043.33,154014551.22727272,1043.33
2013-12-03,1046.4,1096.0,1011.21,1078.28,154014551.22727272,1078.28
2013-12-04,1077.58,1156.12,1070.16,1151.17,154014551.22727272,1151.17
2013-12-05,1152.73,1154.36,897.11,1045.11,154014551.22727272,1045.11
2013-12-06,1042.38,1042.38,829.45,829.45,154014551.22727272,829.45
2013-12-07,835.32,854.64,640.22,698.23,154014551.22727272,698.23
2013-12-08,697.31,802.51,670.88,795.87,154014551.22727272,795.87
2013-12-09,793.8,921.93,780.9,893.19,154014551.22727272,893.19
2013-12-10,892.32,997.23,892.32,988.51,154014551.22727272,988.51
2013-12-11,989.07,1001.58,834.23,878.48,154014551.22727272,878.48
2013-12-12,882.78,901.94,844.95,873.26,154014551.22727272,873.26
2013-12-13,874.98,941.79,860.05,892.58,154014551.22727272,892.58
2013-12-14,899.85,904.65,858.36,872.6,154014551.22727272,872.6
2013-12-15,875.29,886.16,825.0,876.12,154014551.22727272,876.12
2013-12-16,880.33,882.25,668.25,705.97,154014551.22727272,705.97
2013-12-17,706.37,754.83,630.88,682.12,154014551.22727272,682.12
2013-12-18,678.2,679.32,420.51,522.7,154014551.22727272,522.7
2013-12-19,519.06,707.23,502.89,691.96,154014551.22727272,691.96
2013-12-20,694.22,729.16,595.33,625.32,154014551.22727272,625.32
2013-12-21,619.9,654.27,579.17,605.66,154014551.22727272,605.66
2013-12-22,601.78,666.74,585.64,617.18,154014551.22727272,617.18
2013-12-23,613.06,680.91,611.04,673.41,154014551.22727272,673.41
2013-12-24,672.36,684.39,645.71,665.58,154014551.22727272,665.58
2013-12-25,666.31,682.7,649.48,682.21,154014551.22727272,682.21
2013-12-26,683.94,777.75,683.94,761.98,154014551.22727272,761.98
2013-12-27,763.28,777.51,713.6,735.07,46862700.0,735.07
2013-12-28,737.98,747.06,705.35,727.83,32505800.0,727.83
2013-12-29,728.05,748.61,714.44,745.05,19011300.0,745.05
2013-12-30,741.35,766.6,740.24,756.13,20707700.0,756.13
2013-12-31,760.32,760.58,738.17,754.01,20897300.0,754.01
2014-01-01,754.97,775.35,754.97,771.4,22489400.0,771.4
2014-01-02,773.44,820.31,767.21,802.39,38489500.0,802.39
2014-01-03,802.85,834.15,789.12,818.72,37810100.0,818.72
2014-01-04,823.27,859.51,801.67,859.51,38005000.0,859.51
2014-01-05,858.55,952.4,854.52,933.53,72898500.0,933.53
2014-01-06,936.05,1017.12,905.71,953.29,85565700.0,953.29
2014-01-07,946.49,965.74,802.0,802.0,81311700.0,802.0
2014-01-08,795.99,870.68,776.18,842.72,74175600.0,842.72
2014-01-09,841.47,864.36,804.14,846.86,59998600.0,846.86
2014-01-10,846.69,871.19,822.6,868.48,31876800.0,868.48
2014-01-11,867.32,921.48,861.72,913.95,44754200.0,913.95
2014-01-12,919.6,928.52,851.17,863.22,39623500.0,863.22
2014-01-13,860.19,861.29,806.05,841.2,45580900.0,841.2
2014-01-14,843.17,855.69,825.66,833.27,20829800.0,833.27
2014-01-15,833.12,872.81,830.86,860.9,28107200.0,860.9
2014-01-16,860.29,866.16,835.63,835.63,19149300.0,835.63
2014-01-17,834.49,842.91,797.63,814.64,39031700.0,814.64
2014-01-18,816.07,841.49,816.07,840.0,18052700.0,840.0
2014-01-19,839.66,870.96,825.53,870.96,24365700.0,870.96
2014-01-20,871.39,886.39,853.87,870.2,27652700.0,870.2
2014-01-21,869.65,881.2,855.93,863.91,18997300.0,863.91
2014-01-22,867.21,870.15,837.36,845.59,18453700.0,845.59
2014-01-23,845.46,851.57,819.32,822.04,15607100.0,822.04
2014-01-24,822.43,822.43,783.58,797.07,34912000.0,797.07
2014-01-25,796.24,861.45,792.96,853.61,24303900.0,853.61
2014-01-26,853.68,897.02,844.86,885.28,32224300.0,885.28
2014-01-27,884.6,893.0,757.11,771.39,49233600.0,771.39
2014-01-28,774.02,832.5,766.98,812.51,44875500.0,812.51
2014-01-29,809.96,836.87,809.85,826.0,17984400.0,826.0
2014-01-30,826.02,830.5,799.06,819.03,29918200.0,819.03
2014-01-31,818.43,831.87,812.6,829.92,17107900.0,829.92
2014-02-01,828.61,853.52,827.11,832.58,19668700.0,832.58
2014-02-02,832.9,844.72,820.67,825.37,11300900.0,825.37
2014-02-03,824.08,826.48,807.22,823.83,13940100.0,823.83
2014-02-04,823.77,840.17,820.94,827.96,16609700.0,827.96
2014-02-05,829.96,837.32,811.91,811.91,22395100.0,811.91
2014-02-06,815.59,819.81,770.59,781.55,50108700.0,781.55
2014-02-07,783.2,783.2,654.35,712.4,113643000.0,712.4
2014-02-08,699.57,721.82,661.87,673.92,38742600.0,673.92
2014-02-09,671.46,712.27,655.25,682.9,39311400.0,682.9
2014-02-10,681.32,703.71,550.5,681.03,112758000.0,681.03
2014-02-11,683.5,712.46,636.66,672.17,72745200.0,672.17
2014-02-12,672.38,672.9,643.04,651.72,25367600.0,651.72
2014-02-13,651.08,657.99,601.91,605.24,38588100.0,605.24
2014-02-14,601.17,691.72,541.04,661.99,102506000.0,661.99
2014-02-15,660.9,661.84,632.84,650.92,26709200.0,650.92
2014-02-16,651.3,665.1,584.17,616.63,40061700.0,616.63
2014-02-17,614.23,656.95,607.31,626.27,31948400.0,626.27
2014-02-18,627.16,645.76,612.54,626.6,20015100.0,626.6
2014-02-19,625.97,631.77,618.7,623.03,13897800.0,623.03
2014-02-20,623.09,627.73,556.14,556.14,46905000.0,556.14
2014-02-21,556.88,582.96,530.47,574.16,47308100.0,574.16
2014-02-22,574.24,614.48,558.58,605.42,31254000.0,605.42
2014-02-23,606.47,639.91,599.7,605.82,31434400.0,605.82
2014-02-24,606.04,607.61,538.7,546.32,57893900.0,546.32
2014-02-25,540.24,541.38,420.41,538.71,126314000.0,538.71
2014-02-26,537.04,603.8,532.58,582.69,64642700.0,582.69
2014-02-27,581.65,594.05,566.62,578.77,25540800.0,578.77
2014-02-28,579.7,584.14,545.17,549.26,28076100.0,549.26
2014-03-01,549.92,573.38,539.29,565.61,18668100.0,565.61
2014-03-02,567.23,570.48,553.27,559.79,7950760.0,559.79
2014-03-03,562.56,702.91,560.52,667.76,96056900.0,667.76
2014-03-04,668.24,696.22,655.68,666.78,55344600.0,666.78
2014-03-05,666.24,674.28,646.28,665.51,22461900.0,665.51
2014-03-06,664.52,669.77,649.79,663.86,16068100.0,663.86
2014-03-07,664.31,665.34,616.35,629.15,34150800.0,629.15
2014-03-08,629.66,635.14,604.46,617.45,18654200.0,617.45
2014-03-09,616.31,643.95,612.35,636.96,15396500.0,636.96
2014-03-10,636.33,644.76,615.02,627.79,20639800.0,627.79
2014-03-11,627.95,638.42,618.84,634.11,11732500.0,634.11
2014-03-12,631.91,648.03,629.51,632.1,18621200.0,632.1
2014-03-13,633.62,644.2,630.85,638.14,11634900.0,638.14
2014-03-14,638.14,639.53,627.21,628.8,11913800.0,628.8
2014-03-15,629.37,639.14,627.3,636.12,4342080.0,636.12
2014-03-16,636.5,637.52,628.11,631.11,5277290.0,631.11
2014-03-17,630.92,632.68,616.86,622.37,14648200.0,622.37
2014-03-18,621.84,622.39,603.8,614.83,24011500.0,614.83
2014-03-19,613.9,622.0,609.1,609.89,14228900.0,609.89
2014-03-20,609.75,609.75,587.49,588.77,20572900.0,588.77
2014-03-21,588.29,604.59,561.81,571.49,38414100.0,571.49
2014-03-22,571.18,572.55,554.39,565.04,17360700.0,565.04
2014-03-23,565.76,570.24,560.88,561.27,9288400.0,561.27
2014-03-24,562.51,586.56,551.77,583.41,22706900.0,583.41
2014-03-25,585.03,585.44,572.61,583.92,14020100.0,583.92
2014-03-26,583.48,590.03,570.96,580.83,16401100.0,580.83
2014-03-27,580.26,580.56,471.24,471.24,62225400.0,471.24
2014-03-28,477.14,526.02,473.23,495.67,58828300.0,495.67
2014-03-29,501.71,504.86,489.73,491.17,11147100.0,491.17
2014-03-30,492.37,492.37,444.18,460.27,42958300.0,460.27
2014-03-31,462.3,483.02,443.37,457.0,28254000.0,457.0
2014-04-01,457.0,495.34,457.0,478.38,35685800.0,478.38
2014-04-02,479.14,495.05,431.27,437.14,49647600.0,437.14
2014-04-03,436.44,449.56,414.89,444.72,40765500.0,444.72
2014-04-04,445.66,454.65,429.09,447.53,22925500.0,447.53
2014-04-05,446.68,463.57,444.2,461.91,13404500.0,461.91
2014-04-06,463.4,466.32,452.97,460.5,10241400.0,460.5
2014-04-07,461.47,462.56,445.12,449.42,15616600.0,449.42
2014-04-08,447.61,457.42,446.11,453.09,10921600.0,453.09
2014-04-09,453.18,455.73,441.93,442.73,13204400.0,442.73
2014-04-10,442.26,443.37,358.73,365.18,55868300.0,365.18
2014-04-11,363.71,429.77,351.27,420.95,62562800.0,420.95
2014-04-12,420.89,439.61,415.79,421.12,19226500.0,421.12
2014-04-13,421.46,427.4,395.25,414.06,22493500.0,414.06
2014-04-14,414.83,469.75,407.37,458.79,50730200.0,458.79
2014-04-15,458.37,519.0,453.54,515.59,49561000.0,515.59
2014-04-16,522.18,542.38,502.78,527.39,56480100.0,527.39
2014-04-17,529.07,533.52,484.87,495.96,34025500.0,495.96
2014-04-18,495.8,498.6,472.74,479.64,19042400.0,479.64
2014-04-19,479.58,503.56,470.56,501.56,19588200.0,501.56
2014-04-20,501.75,510.87,490.84,498.17,12103100.0,498.17
2014-04-21,497.74,510.57,493.2,495.77,15171400.0,495.77
2014-04-22,495.45,503.22,487.58,487.92,11670900.0,487.92
2014-04-23,488.36,493.25,485.82,491.3,9814530.0,491.3
2014-04-24,490.82,500.46,482.95,500.46,13009400.0,500.46
2014-04-25,500.09,500.3,442.95,461.45,46856500.0,461.45
2014-04-26,461.7,464.54,449.1,458.6,12214600.0,458.6
2014-04-27,457.24,459.33,436.39,436.39,10949500.0,436.39
2014-04-28,430.72,447.53,422.94,440.29,23876600.0,440.29
2014-04-29,439.98,451.64,435.18,447.21,16401400.0,447.21
2014-04-30,446.89,451.1,436.7,447.64,15244900.0,447.64
2014-05-01,447.63,460.61,447.63,457.76,12871800.0,457.76
2014-05-02,457.36,457.93,443.4,449.38,10394200.0,449.38
2014-05-03,449.4,449.4,430.68,437.76,9849640.0,437.76
2014-05-04,438.52,439.77,430.05,436.4,5621260.0,436.4
2014-05-05,434.78,440.97,427.62,433.48,10004800.0,433.48
2014-05-06,433.36,448.04,423.25,428.96,12507300.0,428.96
2014-05-07,429.34,446.13,428.45,438.82,18332200.0,438.82
2014-05-08,438.68,448.4,438.14,440.17,9446580.0,440.17
2014-05-09,440.18,452.69,440.14,449.46,10347900.0,449.46
2014-05-10,450.46,455.77,448.47,454.43,6682600.0,454.43
2014-05-11,453.92,455.34,433.4,438.89,12251700.0,438.89
2014-05-12,438.3,442.26,434.23,441.46,7383770.0,441.46
2014-05-13,441.53,441.98,436.97,440.67,7682670.0,440.67
2014-05-14,440.59,446.66,440.5,443.97,9472960.0,443.97
2014-05-15,444.14,449.8,443.63,447.25,7362980.0,447.25
2014-05-16,447.39,450.66,444.96,448.06,6475100.0,448.06
2014-05-17,448.12,451.98,447.3,448.9,2945790.0,448.9
2014-05-18,448.7,449.77,444.78,446.26,2857830.0,446.26
2014-05-19,446.08,447.56,443.1,446.18,6242620.0,446.18
2014-05-20,446.31,491.44,446.01,485.72,40327500.0,485.72
2014-05-21,485.8,494.37,483.49,491.77,14626000.0,491.77
2014-05-22,492.05,525.36,490.19,524.58,33086500.0,524.58
2014-05-23,525.72,541.96,520.08,520.22,34934700.0,520.22
2014-05-24,521.05,525.17,516.28,525.14,11499300.0,525.14
2014-05-25,525.23,576.48,525.23,571.59,47010300.0,571.59
2014-05-26,571.39,588.39,565.33,583.42,29959800.0,583.42
2014-05-27,582.59,589.52,554.43,571.24,38032000.0,571.24
2014-05-28,571.91,578.62,564.09,577.06,19289000.0,577.06
2014-05-29,576.33,577.1,561.6,568.18,18707800.0,568.18
2014-05-30,568.18,618.46,568.16,615.33,31985400.0,615.33
2014-05-31,615.69,624.72,604.47,623.68,15107100.0,623.68
2014-06-01,623.69,671.51,619.91,630.23,45259100.0,630.23
2014-06-02,629.64,665.5,618.75,660.62,45450200.0,660.62
2014-06-03,660.55,674.11,650.78,667.61,40653700.0,667.61
2014-06-04,666.77,668.56,624.09,641.61,37731500.0,641.61
2014-06-05,641.07,663.53,640.09,659.26,29621300.0,659.26
2014-06-06,659.28,661.37,652.3,653.7,18680100.0,653.7
2014-06-07,653.52,656.94,644.91,654.97,15855300.0,654.97
2014-06-08,654.99,658.88,653.47,656.14,8614190.0,656.14
2014-06-09,655.64,657.7,644.39,649.16,19065400.0,649.16
2014-06-10,650.04,659.62,646.56,653.15,17913400.0,653.15
2014-06-11,653.19,657.04,632.55,633.02,25163800.0,633.02
2014-06-12,633.43,638.11,573.27,586.95,50818800.0,586.95
2014-06-13,585.7,615.14,585.7,600.16,35700700.0,600.16
2014-06-14,600.75,601.27,549.82,577.36,38481200.0,577.36
2014-06-15,575.93,592.94,554.89,592.94,23580900.0,592.94
2014-06-16,592.65,608.72,587.07,592.19,28677500.0,592.19
2014-06-17,591.59,610.89,590.4,610.86,18597300.0,610.86
2014-06-18,609.77,615.88,604.4,607.96,17862000.0,607.96
2014-06-19,608.07,612.24,597.02,598.07,12803800.0,598.07
2014-06-20,597.4,599.75,587.76,594.15,18134100.0,594.15
2014-06-21,593.68,599.46,587.74,594.99,9256290.0,594.99
2014-06-22,595.9,606.0,594.63,602.27,10877700.0,602.27
2014-06-23,602.16,603.21,586.34,593.98,14053800.0,593.98
2014-06-24,593.97,596.97,582.36,582.36,14144900.0,582.36
2014-06-25,581.81,583.6,565.63,566.34,20687700.0,566.34
2014-06-26,566.14,581.63,564.73,581.14,14655900.0,581.14
2014-06-27,581.3,600.12,579.88,597.26,20814600.0,597.26
2014-06-28,599.08,604.47,595.92,596.55,13398100.0,596.55
2014-06-29,596.33,604.08,596.16,602.72,8897470.0,602.72
2014-06-30,602.62,645.15,599.88,639.8,46422400.0,639.8
2014-07-01,641.39,657.86,640.11,640.81,38446300.0,640.81
2014-07-02,641.04,656.68,638.34,650.88,25768200.0,650.88
2014-07-03,650.77,650.77,641.3,645.16,18949000.0,645.16
2014-07-04,644.65,648.43,629.4,630.69,22237200.0,630.69
2014-07-05,629.95,633.22,628.0,631.46,9105940.0,631.46
2014-07-06,631.77,638.65,631.16,635.81,10080000.0,635.81
2014-07-07,635.46,637.16,617.01,624.09,17813600.0,624.09
2014-07-08,622.57,626.7,620.91,624.82,10005500.0,624.82
2014-07-09,625.22,627.0,622.6,624.51,9819150.0,624.51
2014-07-10,624.83,626.12,612.35,616.76,15880700.0,616.76
2014-07-11,616.66,632.09,615.77,632.0,16467100.0,632.0
2014-07-12,631.88,636.66,626.98,633.71,13329000.0,633.71
2014-07-13,634.22,634.73,624.91,626.5,11291000.0,626.5
2014-07-14,626.56,627.34,617.32,619.32,12706800.0,619.32
2014-07-15,620.0,625.14,619.63,621.59,10873200.0,621.59
2014-07-16,622.01,623.09,615.33,616.8,13182400.0,616.8
2014-07-17,616.54,626.29,608.4,623.09,16576700.0,623.09
2014-07-18,622.37,629.21,620.47,628.78,14158100.0,628.78
2014-07-19,629.17,629.17,624.6,628.51,7222030.0,628.51
2014-07-20,628.56,628.56,622.77,623.9,5760120.0,623.9
2014-07-21,623.95,624.09,619.11,622.21,10711900.0,622.21
2014-07-22,622.27,624.3,620.96,621.55,9602880.0,621.55
2014-07-23,621.12,624.43,618.29,619.41,11056600.0,619.41
2014-07-24,619.5,620.43,595.57,601.73,20917200.0,601.73
2014-07-25,601.51,607.07,597.23,601.09,12279500.0,601.09
2014-07-26,601.54,602.09,593.96,595.81,10752900.0,595.81
2014-07-27,595.67,598.94,593.43,593.85,7774230.0,593.85
2014-07-28,594.14,594.57,575.18,585.69,19316400.0,585.69
2014-07-29,585.55,588.38,581.7,584.73,11275400.0,584.73
2014-07-30,584.74,585.12,564.9,567.29,14898800.0,567.29
2014-07-31,567.37,586.24,564.51,586.24,22467900.0,586.24
2014-08-01,586.2,597.92,583.63,594.92,18215900.0,594.92
2014-08-02,594.9,594.91,586.15,589.33,8359080.0,589.33
2014-08-03,588.89,589.15,581.65,586.67,9917990.0,586.67
2014-08-04,586.23,591.95,583.74,588.78,9867570.0,588.78
2014-08-05,589.01,589.87,584.1,585.44,10790800.0,585.44
2014-08-06,585.95,587.49,583.1,584.65,14497900.0,584.65
2014-08-07,584.65,591.1,584.05,588.87,11131400.0,588.87
2014-08-08,588.88,598.12,588.79,592.58,11072000.0,592.58
2014-08-09,592.47,592.47,587.63,589.37,7922070.0,589.37
2014-08-10,589.17,594.46,587.94,591.06,7555310.0,591.06
2014-08-11,591.28,591.51,574.05,576.37,14764200.0,576.37
2014-08-12,576.51,576.95,566.6,569.64,13978200.0,569.64
2014-08-13,570.38,573.03,532.67,546.66,25777500.0,546.66
2014-08-14,546.18,546.24,498.73,505.97,35803900.0,505.97
2014-08-15,511.14,518.18,487.93,497.01,25598300.0,497.01
2014-08-16,497.83,521.48,487.74,519.71,22832500.0,519.71
2014-08-17,519.14,520.19,483.63,491.8,24300900.0,491.8
2014-08-18,491.51,499.37,443.85,461.46,50783800.0,461.46
2014-08-19,461.48,485.71,455.54,485.25,38422400.0,485.25
2014-08-20,485.07,518.28,467.51,511.98,46527600.0,511.98
2014-08-21,510.45,531.9,510.45,517.24,49444200.0,517.24
2014-08-22,517.58,521.48,501.27,514.04,36563900.0,514.04
2014-08-23,513.39,514.3,492.11,498.07,25171900.0,498.07
2014-08-24,498.29,512.89,497.35,508.29,19441700.0,508.29
2014-08-25,508.22,508.22,499.23,502.5,18356700.0,502.5
2014-08-26,502.54,512.69,502.54,511.57,23235100.0,511.57
2014-08-27,512.19,520.71,510.92,511.15,22648500.0,511.15
2014-08-28,510.88,516.16,506.88,507.81,19862000.0,507.81
2014-08-29,508.43,511.69,503.82,508.52,17624800.0,508.52
2014-08-30,508.59,509.31,501.64,504.25,9424070.0,504.25
2014-08-31,502.9,504.88,474.81,477.76,44632300.0,477.76
2014-09-01,477.79,485.31,471.91,474.88,20432000.0,474.88
2014-09-02,474.48,482.99,472.32,477.43,23337900.0,477.43
2014-09-03,476.87,481.71,476.21,477.59,13342200.0,477.59
2014-09-04,477.68,493.93,477.09,489.66,26081400.0,489.66
2014-09-05,489.67,490.64,481.61,483.34,15302500.0,483.34
2014-09-06,483.34,488.6,483.0,484.83,10601400.0,484.83
2014-09-07,485.13,488.07,482.28,482.28,8994050.0,482.28
2014-09-08,481.81,489.83,468.79,474.6,30238000.0,474.6
2014-09-09,474.88,477.38,467.78,475.26,21447800.0,475.26
2014-09-10,475.48,487.47,475.14,479.36,22787800.0,479.36
2014-09-11,479.62,482.35,474.61,479.75,16852900.0,479.75
2014-09-12,479.58,479.63,473.01,477.75,15437200.0,477.75
2014-09-13,477.79,482.12,475.1,479.0,15588000.0,479.0
2014-09-14,479.12,479.85,476.12,477.89,13105500.0,477.89
2014-09-15,477.76,478.62,474.02,475.37,15345200.0,475.37
2014-09-16,474.86,475.64,465.13,466.06,16797300.0,466.06
2014-09-17,465.86,468.17,452.42,457.33,21056800.0,457.33
2014-09-18,456.86,456.86,413.1,424.44,34483200.0,424.44
2014-09-19,424.1,427.83,384.53,394.8,37919700.0,394.8
2014-09-20,394.67,423.3,389.88,408.9,36863600.0,408.9
2014-09-21,408.08,412.43,393.18,398.82,26580100.0,398.82
2014-09-22,399.1,406.92,397.13,402.15,24127600.0,402.15
2014-09-23,402.09,441.56,396.2,435.79,45099500.0,435.79
2014-09-24,435.75,436.11,421.13,423.2,30627700.0,423.2
2014-09-25,423.16,423.52,409.47,411.57,26814400.0,411.57
2014-09-26,411.43,414.94,400.01,404.43,21460800.0,404.43
2014-09-27,403.56,406.62,397.37,399.52,15029300.0,399.52
2014-09-28,399.47,401.02,374.33,377.18,23613300.0,377.18
2014-09-29,376.93,385.21,372.24,375.47,32497700.0,375.47
2014-09-30,376.09,390.98,373.44,386.94,34707300.0,386.94
2014-10-01,387.43,391.38,380.78,383.62,26229400.0,383.62
2014-10-02,383.99,385.5,372.95,375.07,21777700.0,375.07
2014-10-03,375.18,377.69,357.86,359.51,30901200.0,359.51
2014-10-04,359.89,364.49,325.89,328.87,47236500.0,328.87
2014-10-05,328.92,341.8,289.3,320.51,83308100.0,320.51
2014-10-06,320.39,345.13,302.56,330.08,79011800.0,330.08
2014-10-07,330.58,339.25,320.48,336.19,49199900.0,336.19
2014-10-08,336.12,354.36,327.19,352.94,54736300.0,352.94
2014-10-09,352.75,382.73,347.69,365.03,83641100.0,365.03
2014-10-10,364.69,375.07,352.96,361.56,43665700.0,361.56
2014-10-11,361.36,367.19,355.95,362.3,13345200.0,362.3
2014-10-12,362.61,379.43,356.14,378.55,17552800.0,378.55
2014-10-13,377.92,397.23,368.9,390.41,35221400.0,390.41
2014-10-14,391.69,411.7,391.32,400.87,38491500.0,400.87
2014-10-15,400.95,402.23,388.77,394.77,25267100.0,394.77
2014-10-16,394.52,398.81,373.07,382.56,26990000.0,382.56
2014-10-17,382.76,385.48,375.39,383.76,13600700.0,383.76
2014-10-18,383.98,395.16,378.97,391.44,11416800.0,391.44
2014-10-19,391.25,393.94,386.46,389.55,5914570.0,389.55
2014-10-20,389.23,390.08,378.25,382.85,16419000.0,382.85
2014-10-21,382.42,392.65,380.83,386.48,14188900.0,386.48
2014-10-22,386.12,388.58,382.25,383.16,11641300.0,383.16
2014-10-23,382.96,385.05,356.45,358.42,26456900.0,358.42
2014-10-24,358.59,364.35,353.31,358.35,15585700.0,358.35
2014-10-25,358.61,359.86,342.88,347.27,18127500.0,347.27
2014-10-26,347.49,359.22,343.93,354.7,11272500.0,354.7
2014-10-27,354.78,358.63,349.81,352.99,13033000.0,352.99
2014-10-28,353.21,359.98,352.68,357.62,7845880.0,357.62
2014-10-29,357.09,357.83,335.34,335.59,18192700.0,335.59
2014-10-30,335.71,350.91,335.07,345.31,30177900.0,345.31
2014-10-31,345.01,348.05,337.14,338.32,12545400.0,338.32
2014-11-01,338.65,340.53,321.06,325.75,16677200.0,325.75
2014-11-02,326.07,329.05,320.63,325.89,8603620.0,325.89
2014-11-03,325.57,334.0,325.48,327.55,12948500.0,327.55
2014-11-04,327.16,331.77,325.08,330.49,15655500.0,330.49
2014-11-05,330.68,343.37,330.68,339.49,19817200.0,339.49
2014-11-06,339.46,352.97,338.42,349.29,18797000.0,349.29
2014-11-07,349.82,352.73,341.78,342.42,16834200.0,342.42
2014-11-08,342.15,347.03,342.15,345.49,8535470.0,345.49
2014-11-09,345.38,363.63,344.25,363.26,24205600.0,363.26
2014-11-10,362.26,374.82,357.56,366.92,30450100.0,366.92
2014-11-11,365.86,371.31,363.74,367.69,15838900.0,367.69
2014-11-12,367.99,429.72,367.99,423.56,45783200.0,423.56
2014-11-13,427.27,457.09,401.12,420.74,58945000.0,420.74
2014-11-14,418.42,419.25,384.79,397.82,29589200.0,397.82
2014-11-15,399.65,405.53,371.01,376.13,15727500.0,376.13
2014-11-16,374.73,390.8,374.6,387.88,11905600.0,387.88
2014-11-17,388.35,410.2,377.5,387.41,41518800.0,387.41
2014-11-18,387.79,392.4,371.12,375.2,32222500.0,375.2
2014-11-19,373.9,386.48,373.9,380.56,18931800.0,380.56
2014-11-20,380.31,382.02,356.78,357.84,25233200.0,357.84
2014-11-21,357.88,357.88,344.11,350.85,29850100.0,350.85
2014-11-22,351.6,364.84,350.88,352.92,15273000.0,352.92
2014-11-23,353.18,370.85,353.18,367.57,15151600.0,367.57
2014-11-24,366.95,387.21,366.67,376.9,30930100.0,376.9
2014-11-25,376.89,394.7,374.78,375.35,25442200.0,375.35
2014-11-26,376.02,377.7,365.82,368.37,18601700.0,368.37
2014-11-27,370.5,373.99,368.28,369.67,8748030.0,369.67
2014-11-28,369.37,382.84,358.45,376.45,22946500.0,376.45
2014-11-29,376.15,387.6,372.14,375.49,15375600.0,375.49
2014-11-30,375.51,382.53,373.31,378.05,9194440.0,378.05
2014-12-01,378.25,383.66,376.67,379.25,11763000.0,379.25
2014-12-02,379.25,384.04,377.86,381.31,12364100.0,381.31
2014-12-03,381.72,383.03,374.35,375.01,13340100.0,375.01
2014-12-04,375.72,378.65,367.76,369.6,14529600.0,369.6
2014-12-05,369.44,379.19,365.76,376.85,15181800.0,376.85
2014-12-06,376.76,378.45,370.94,374.79,7009320.0,374.79
2014-12-07,374.84,376.29,373.27,375.1,6491650.0,375.1
2014-12-08,374.96,376.03,361.89,361.91,18898700.0,361.91
2014-12-09,361.89,363.07,344.95,352.22,32915500.0,352.22
2014-12-10,352.2,352.38,346.37,346.37,16427700.0,346.37
2014-12-11,344.34,361.36,338.76,350.51,32431300.0,350.51
2014-12-12,350.83,352.98,349.29,352.54,16989800.0,352.54
2014-12-13,352.38,352.38,346.59,347.38,11675900.0,347.38
2014-12-14,346.73,353.32,345.42,351.63,12415200.0,351.63
2014-12-15,351.36,351.81,344.93,345.35,17264200.0,345.35
2014-12-16,345.67,345.86,327.06,327.06,30864900.0,327.06
2014-12-17,326.86,333.95,315.15,319.78,37567900.0,319.78
2014-12-18,319.79,323.71,304.23,311.4,39173000.0,311.4
2014-12-19,311.18,318.53,306.77,317.84,23823100.0,317.84
2014-12-20,317.62,330.32,316.04,329.96,20856700.0,329.96
2014-12-21,329.54,329.63,318.9,320.84,15207600.0,320.84
2014-12-22,321.07,334.12,320.43,331.89,22315100.0,331.89
2014-12-23,332.02,336.29,329.6,334.57,16574200.0,334.57
2014-12-24,334.38,334.74,321.36,322.53,15092300.0,322.53
2014-12-25,322.29,322.67,316.96,319.01,9883640.0,319.01
2014-12-26,319.15,331.42,316.63,327.92,16410500.0,327.92
2014-12-27,327.58,328.91,312.63,315.86,15185200.0,315.86
2014-12-28,316.16,320.03,311.08,317.24,11676600.0,317.24
2014-12-29,317.7,320.27,312.31,312.67,12302500.0,312.67
2014-12-30,312.72,314.81,309.37,310.74,12528300.0,310.74
2014-12-31,310.91,320.19,310.21,320.19,13942900.0,320.19
2015-01-01,320.44,320.44,314.0,314.25,8036550.0,314.25
2015-01-02,314.08,315.84,313.56,315.03,7860650.0,315.03
2015-01-03,314.85,315.15,281.08,281.08,33054400.0,281.08
2015-01-04,281.15,287.23,257.61,264.19,55629100.0,264.19
2015-01-05,265.08,278.34,265.08,274.47,43962800.0,274.47
2015-01-06,274.61,287.55,272.7,286.19,23245700.0,286.19
2015-01-07,286.08,298.75,283.08,294.34,24866800.0,294.34
2015-01-08,294.13,294.13,282.18,283.35,19982500.0,283.35
2015-01-09,282.38,291.11,280.53,290.41,18718600.0,290.41
2015-01-10,287.3,288.13,273.97,274.8,15264300.0,274.8
2015-01-11,274.61,279.64,265.04,265.66,18200800.0,265.66
2015-01-12,266.15,272.2,265.2,267.8,18880300.0,267.8
2015-01-13,267.39,268.28,219.91,225.86,72843900.0,225.86
2015-01-14,223.89,223.89,171.51,178.1,97638700.0,178.1
2015-01-15,176.9,229.07,176.9,209.84,81773500.0,209.84
2015-01-16,209.07,221.59,199.77,208.1,38421000.0,208.1
2015-01-17,207.83,211.73,194.88,199.26,23469700.0,199.26
2015-01-18,200.05,218.69,194.51,210.34,30085100.0,210.34
2015-01-19,211.47,216.73,207.32,214.86,18658300.0,214.86
2015-01-20,212.91,215.24,205.15,211.31,24051100.0,211.31
2015-01-21,211.38,227.79,211.21,226.9,29924600.0,226.9
2015-01-22,227.32,237.02,226.43,233.41,33544600.0,233.41
2015-01-23,233.52,234.84,225.2,232.88,24621700.0,232.88
2015-01-24,232.7,248.21,230.02,247.85,24782500.0,247.85
2015-01-25,247.35,255.07,243.89,253.72,33582700.0,253.72
2015-01-26,254.08,309.38,254.08,273.47,106794000.0,273.47
2015-01-27,273.17,275.48,250.65,263.48,44399000.0,263.48
2015-01-28,263.35,266.54,227.05,233.91,44352200.0,233.91
2015-01-29,233.35,238.71,220.71,233.51,32213400.0,233.51
2015-01-30,232.77,242.85,225.84,226.43,26605200.0,226.43
2015-01-31,226.44,233.5,216.31,217.46,23348200.0,217.46
2015-02-01,216.87,231.57,212.01,226.97,29128500.0,226.97
2015-02-02,226.49,242.18,222.66,238.23,30612100.0,238.23
2015-02-03,237.45,245.96,224.48,227.27,40783700.0,227.27
2015-02-04,227.51,230.06,221.11,226.85,26594300.0,226.85
2015-02-05,227.66,239.41,214.72,217.11,22516400.0,217.11
2015-02-06,216.92,230.51,216.23,222.27,24435300.0,222.27
2015-02-07,222.63,230.3,222.61,227.75,21604200.0,227.75
2015-02-08,227.69,229.44,221.08,223.41,17145200.0,223.41
2015-02-09,223.39,223.98,217.02,220.11,27791300.0,220.11
2015-02-10,220.28,221.81,215.33,219.84,21115100.0,219.84
2015-02-11,219.73,223.41,218.07,219.19,17201900.0,219.19
2015-02-12,219.21,222.2,217.61,221.76,15206200.0,221.76
2015-02-13,221.97,240.26,221.26,235.43,42744400.0,235.43
2015-02-14,235.53,259.81,235.53,257.32,49732500.0,257.32
2015-02-15,257.51,265.61,227.68,234.82,56552400.0,234.82
2015-02-16,234.82,239.52,229.02,233.84,28153700.0,233.84
2015-02-17,233.42,245.78,232.31,243.61,27363100.0,243.61
2015-02-18,243.78,244.25,232.34,236.33,25200800.0,236.33
2015-02-19,236.41,242.67,235.59,240.28,18270500.0,240.28
2015-02-20,240.25,247.1,239.3,243.78,23876700.0,243.78
2015-02-21,243.75,255.32,243.18,244.53,12284200.0,244.53
2015-02-22,244.54,246.39,233.85,235.98,19527000.0,235.98
2015-02-23,236.0,240.11,232.42,238.89,16400000.0,238.89
2015-02-24,239.0,239.9,236.4,238.74,14200400.0,238.74
2015-02-25,238.89,239.34,235.53,237.47,11496200.0,237.47
2015-02-26,237.34,237.71,234.26,236.43,13619400.0,236.43
2015-02-27,236.44,256.65,236.44,253.83,44013900.0,253.83
2015-02-28,253.52,254.69,249.48,254.26,13949300.0,254.26
2015-03-01,254.28,261.66,245.93,260.2,25213700.0,260.2
2015-03-02,260.36,276.3,258.31,275.67,40465700.0,275.67
2015-03-03,275.05,285.8,268.16,281.7,50461300.0,281.7
2015-03-04,281.99,284.23,268.13,273.09,41383000.0,273.09
2015-03-05,272.74,281.67,264.77,276.18,41302400.0,276.18
2015-03-06,275.6,277.61,270.01,272.72,28918900.0,272.72
2015-03-07,272.29,277.85,270.13,276.26,17825900.0,276.26
2015-03-08,276.43,277.86,272.56,274.35,22067900.0,274.35
2015-03-09,274.81,292.7,273.89,289.61,59178200.0,289.61
2015-03-10,289.86,300.04,289.74,291.76,67770800.0,291.76
2015-03-11,291.52,297.39,290.51,296.38,33963900.0,296.38
2015-03-12,296.13,297.09,292.41,294.35,32585200.0,294.35
2015-03-13,294.12,294.5,285.34,285.34,31421500.0,285.34
2015-03-14,284.44,286.34,280.98,281.88,22612300.0,281.88
2015-03-15,281.43,286.53,281.0,286.39,11970100.0,286.39
2015-03-16,285.69,294.11,285.69,290.59,21516100.0,290.59
2015-03-17,290.6,292.37,284.37,285.5,21497200.0,285.5
2015-03-18,285.07,285.34,249.87,256.3,57008000.0,256.3
2015-03-19,255.88,264.24,248.64,260.93,52732000.0,260.93
2015-03-20,260.96,264.85,259.16,261.75,18456700.0,261.75
2015-03-21,261.64,262.2,255.65,260.02,17130100.0,260.02
2015-03-22,259.92,269.75,259.59,267.96,18438100.0,267.96
2015-03-23,267.89,277.3,261.75,266.74,22811900.0,266.74
2015-03-24,266.58,267.0,244.16,245.59,40073700.0,245.59
2015-03-25,247.47,249.19,236.51,246.2,35866900.0,246.2
2015-03-26,246.28,254.35,244.91,248.53,25730000.0,248.53
2015-03-27,248.57,256.81,245.21,247.03,17274900.0,247.03
2015-03-28,246.97,254.21,246.97,252.8,16040900.0,252.8
2015-03-29,252.74,253.14,240.85,242.71,21699400.0,242.71
2015-03-30,242.88,249.24,239.21,247.53,23009600.0,247.53
2015-03-31,247.45,248.73,242.74,244.22,22672000.0,244.22
2015-04-01,244.22,247.54,241.16,247.27,22877200.0,247.27
2015-04-02,247.09,254.46,245.42,253.0,26272600.0,253.0
2015-04-03,253.07,256.04,251.88,254.32,23146600.0,254.32
2015-04-04,254.29,255.26,251.1,253.7,12493500.0,253.7
2015-04-05,253.76,260.68,251.94,260.6,19649200.0,260.6
2015-04-06,260.72,261.8,254.57,255.49,20034200.0,255.49
2015-04-07,255.27,255.81,252.21,253.18,18467400.0,253.18
2015-04-08,253.06,253.85,244.22,245.02,30086400.0,245.02
2015-04-09,244.75,246.12,239.4,243.68,21643500.0,243.68
2015-04-10,243.69,243.69,232.77,236.07,28882000.0,236.07
2015-04-11,236.02,239.54,234.18,236.55,16365200.0,236.55
2015-04-12,236.53,237.73,233.5,236.15,12387900.0,236.15
2015-04-13,235.95,236.94,222.0,224.59,31181800.0,224.59
2015-04-14,224.76,224.98,216.32,219.16,31719000.0,219.16
2015-04-15,219.07,223.83,218.65,223.83,22562000.0,223.83
2015-04-16,223.92,229.67,223.92,228.57,24805400.0,228.57
2015-04-17,228.57,228.91,221.94,222.88,20429800.0,222.88
2015-04-18,222.85,224.32,220.88,223.36,12939000.0,223.36
2015-04-19,223.46,226.35,222.37,222.6,15021500.0,222.6
2015-04-20,222.61,226.35,221.98,224.63,18364700.0,224.63
2015-04-21,224.62,235.27,224.3,235.27,24978000.0,235.27
2015-04-22,235.6,237.91,233.48,234.18,23847900.0,234.18
2015-04-23,234.05,236.47,233.2,236.46,17036000.0,236.46
2015-04-24,235.97,236.31,229.93,231.27,21448700.0,231.27
2015-04-25,231.24,232.56,226.34,226.39,13957200.0,226.39
2015-04-26,226.41,226.94,214.87,219.43,28943700.0,219.43
2015-04-27,219.43,233.31,218.02,229.29,38574000.0,229.29
2015-04-28,228.97,229.5,223.07,225.85,21469200.0,225.85
2015-04-29,225.59,227.04,223.43,225.81,18936500.0,225.81
2015-04-30,225.69,239.56,224.99,236.15,33818600.0,236.15
2015-05-01,235.94,238.97,232.08,232.08,18815300.0,232.08
2015-05-02,232.34,235.73,232.34,234.93,12535500.0,234.93
2015-05-03,234.88,243.24,234.08,240.36,18494100.0,240.36
2015-05-04,240.36,242.64,237.81,239.02,21223400.0,239.02
2015-05-05,238.85,239.2,232.05,236.12,23929100.0,236.12
2015-05-06,236.25,236.45,229.23,229.78,29587200.0,229.78
2015-05-07,229.66,239.1,228.57,237.33,29064400.0,237.33
2015-05-08,237.2,246.28,236.27,243.86,27445500.0,243.86
2015-05-09,243.77,247.8,239.64,241.83,19790500.0,241.83
2015-05-10,241.73,244.07,238.85,240.3,15019100.0,240.3
2015-05-11,240.3,244.27,239.38,242.16,20892300.0,242.16
2015-05-12,242.15,242.88,240.1,241.11,19282600.0,241.11
2015-05-13,241.4,243.7,235.04,236.38,27180100.0,236.38
2015-05-14,236.21,237.8,234.06,236.93,24413700.0,236.93
2015-05-15,236.96,238.75,236.79,237.6,16329400.0,237.6
2015-05-16,237.64,237.7,235.29,236.15,11089700.0,236.15
2015-05-17,236.01,238.03,236.01,236.8,11134300.0,236.8
2015-05-18,236.89,237.21,232.46,233.13,16780300.0,233.13
2015-05-19,233.04,234.15,231.82,231.95,14241900.0,231.95
2015-05-20,231.89,234.68,231.84,234.02,15499400.0,234.02
2015-05-21,234.02,236.24,233.84,235.34,15108900.0,235.34
2015-05-22,235.32,240.97,235.06,240.35,27003000.0,240.35
2015-05-23,240.29,241.03,238.69,238.87,14605000.0,238.87
2015-05-24,238.98,241.98,238.81,240.95,11508000.0,240.95
2015-05-25,240.93,241.02,236.64,237.11,14423900.0,237.11
2015-05-26,237.1,238.24,235.69,237.12,16425000.0,237.12
2015-05-27,237.06,238.64,236.69,237.28,18837000.0,237.28
2015-05-28,237.26,237.82,236.65,237.41,13829600.0,237.41
2015-05-29,237.38,237.52,235.73,237.1,14805000.0,237.1
2015-05-30,237.09,237.09,232.05,233.34,14098600.0,233.34
2015-05-31,233.13,233.25,229.54,230.19,14730800.0,230.19
2015-06-01,230.23,231.71,221.3,222.93,26090500.0,222.93
2015-06-02,222.89,226.42,222.42,225.8,20459000.0,225.8
2015-06-03,225.74,227.4,223.93,225.87,17752400.0,225.87
2015-06-04,225.77,226.58,224.05,224.32,14728100.0,224.32
2015-06-05,224.15,225.97,223.18,224.95,18056500.0,224.95
2015-06-06,225.0,225.72,224.38,225.62,11131500.0,225.62
2015-06-07,225.6,226.19,222.65,222.88,13318400.0,222.88
2015-06-08,222.88,229.46,222.84,228.49,23378400.0,228.49
2015-06-09,228.54,230.95,227.93,229.05,28353100.0,229.05
2015-06-10,229.0,229.78,228.01,228.8,15904800.0,228.8
2015-06-11,228.85,230.29,228.77,229.71,14416000.0,229.71
2015-06-12,229.71,231.06,229.31,229.98,14017700.0,229.98
2015-06-13,229.92,232.65,229.21,232.4,13305300.0,232.4
2015-06-14,232.44,234.86,232.0,233.54,12165900.0,233.54
2015-06-15,233.42,237.84,233.42,236.82,19912100.0,236.82
2015-06-16,236.76,251.74,236.12,250.9,41612000.0,250.9
2015-06-17,250.82,256.85,246.48,249.28,43858400.0,249.28
2015-06-18,249.43,252.11,244.13,249.01,30980200.0,249.01
2015-06-19,249.04,250.98,243.79,244.61,23965300.0,244.61
2015-06-20,244.53,245.83,240.63,245.21,20608100.0,245.21
2015-06-21,245.1,245.22,241.88,243.94,10600900.0,243.94
2015-06-22,243.97,247.92,243.78,246.99,17692500.0,246.99
2015-06-23,246.93,247.3,243.13,244.3,15108700.0,244.3
2015-06-24,244.28,244.34,240.51,240.51,17344900.0,240.51
2015-06-25,240.37,243.33,240.37,242.8,16133100.0,242.8
2015-06-26,242.6,243.75,241.55,243.59,13983500.0,243.59
2015-06-27,243.55,251.34,243.12,250.99,20488600.0,250.99
2015-06-28,250.96,251.17,247.43,249.01,15137600.0,249.01
2015-06-29,248.72,257.17,248.58,257.06,34742900.0,257.06
2015-06-30,257.04,267.87,255.95,263.07,44533800.0,263.07
2015-07-01,263.35,265.17,255.77,258.62,27029800.0,258.62
2015-07-02,258.55,261.63,254.12,255.41,21551900.0,255.41
2015-07-03,255.46,257.08,253.5,256.34,19033800.0,256.34
2015-07-04,256.49,261.46,254.2,260.89,15620400.0,260.89
2015-07-05,260.81,274.51,258.7,271.91,44156100.0,271.91
2015-07-06,271.11,277.42,267.6,269.03,49154800.0,269.03
2015-07-07,269.96,271.34,264.83,266.21,28857600.0,266.21
2015-07-08,265.98,272.97,264.39,270.79,36980200.0,270.79
2015-07-09,270.83,272.33,267.09,269.23,40301200.0,269.23
2015-07-10,269.16,294.59,268.8,284.89,100390000.0,284.89
2015-07-11,284.88,298.51,283.53,293.12,41109900.0,293.12
2015-07-12,293.14,314.39,292.5,310.87,56405000.0,310.87
2015-07-13,310.83,310.95,281.01,292.05,62053900.0,292.05
2015-07-14,292.03,296.15,286.64,287.46,28727200.0,287.46
2015-07-15,288.05,293.25,285.37,285.83,27486600.0,285.83
2015-07-16,286.04,291.18,275.24,278.09,49482600.0,278.09
2015-07-17,278.09,280.28,272.04,279.47,27591400.0,279.47
2015-07-18,279.33,282.53,274.07,274.9,25187100.0,274.9
2015-07-19,274.77,275.67,272.51,273.61,15332500.0,273.61
2015-07-20,273.5,278.98,272.96,278.98,22711400.0,278.98
2015-07-21,278.88,280.55,275.42,275.83,22930700.0,275.83
2015-07-22,275.66,277.67,274.38,277.22,19389800.0,277.22
2015-07-23,277.34,278.11,275.72,276.05,18531300.0,276.05
2015-07-24,276.0,289.25,275.25,288.28,37199400.0,288.28
2015-07-25,288.16,290.73,286.0,288.7,20662200.0,288.7
2015-07-26,288.64,293.05,287.71,292.69,16032300.0,292.69
2015-07-27,292.64,297.77,287.45,293.62,30592000.0,293.62
2015-07-28,293.63,296.65,293.42,294.43,25453600.0,294.43
2015-07-29,294.48,294.54,288.78,289.59,24672600.0,289.59
2015-07-30,289.1,290.13,286.57,287.72,21635800.0,287.72
2015-07-31,287.7,288.96,282.34,284.65,23629100.0,284.65
2015-08-01,284.69,284.93,278.11,281.6,18995000.0,281.6
2015-08-02,280.45,283.03,277.53,282.61,17722200.0,282.61
2015-08-03,282.81,285.47,280.23,281.23,21474100.0,281.23
2015-08-04,281.23,285.71,281.23,285.22,21908700.0,285.22
2015-08-05,284.85,285.5,281.49,281.88,20128000.0,281.88
2015-08-06,281.91,281.91,278.4,278.58,18792100.0,278.58
2015-08-07,278.74,280.39,276.37,279.58,42484800.0,279.58
2015-08-08,279.74,279.93,260.71,261.0,58533000.0,261.0
2015-08-09,261.12,267.0,260.47,265.08,23789600.0,265.08
2015-08-10,265.48,267.03,262.6,264.47,20979400.0,264.47
2015-08-11,264.34,270.39,264.09,270.39,25433900.0,270.39
2015-08-12,270.6,270.67,265.47,266.38,26815400.0,266.38
2015-08-13,266.18,266.23,262.84,264.08,27685500.0,264.08
2015-08-14,264.13,267.47,261.48,265.68,27091200.0,265.68
2015-08-15,265.53,266.67,261.3,261.55,19321100.0,261.55
2015-08-16,261.87,262.44,257.04,258.51,29717000.0,258.51
2015-08-17,258.49,260.5,257.12,257.98,21617900.0,257.98
2015-08-18,257.93,257.99,211.08,211.08,42147200.0,211.08
2015-08-19,225.67,237.41,222.77,226.68,60869200.0,226.68
2015-08-20,226.9,237.37,226.9,235.35,32275000.0,235.35
2015-08-21,235.35,236.43,231.72,232.57,23173800.0,232.57
2015-08-22,232.66,234.96,222.7,230.39,23205900.0,230.39
2015-08-23,230.38,232.71,225.58,228.17,18406600.0,228.17
2015-08-24,228.11,228.14,210.44,210.5,59220700.0,210.5
2015-08-25,210.07,226.32,199.57,221.61,61089200.0,221.61
2015-08-26,222.08,231.18,220.2,225.83,31808000.0,225.83
2015-08-27,226.05,228.64,223.68,224.77,21905400.0,224.77
2015-08-28,224.7,235.22,220.93,231.4,31336600.0,231.4
2015-08-29,231.55,233.22,227.33,229.78,17142500.0,229.78
2015-08-30,229.9,232.07,226.25,228.76,19412600.0,228.76
2015-08-31,229.11,231.96,225.91,230.06,20710700.0,230.06
2015-09-01,230.26,231.22,226.86,228.12,20575200.0,228.12
2015-09-02,228.03,230.58,226.47,229.28,18760400.0,229.28
2015-09-03,229.32,229.6,226.67,227.18,17482000.0,227.18
2015-09-04,227.22,230.9,227.05,230.3,20962400.0,230.3
2015-09-05,230.2,236.14,229.44,235.02,20671400.0,235.02
2015-09-06,234.87,242.91,234.68,239.84,25473700.0,239.84
2015-09-07,239.93,242.11,238.72,239.85,21192200.0,239.85
2015-09-08,239.85,245.78,239.68,243.61,26879200.0,243.61
2015-09-09,243.41,244.42,237.82,238.17,23635700.0,238.17
2015-09-10,238.34,241.29,235.79,238.48,21215500.0,238.48
2015-09-11,238.33,241.17,238.33,240.11,19224700.0,240.11
2015-09-12,239.85,240.12,234.75,235.23,17962600.0,235.23
2015-09-13,235.24,235.94,229.33,230.51,18478800.0,230.51
2015-09-14,230.61,232.44,227.96,230.64,20997800.0,230.64
2015-09-15,230.49,259.18,229.82,230.3,19177800.0,230.3
2015-09-16,230.25,231.22,227.4,229.09,20144200.0,229.09
2015-09-17,229.08,230.28,228.93,229.81,18935400.0,229.81
2015-09-18,233.52,234.35,232.19,232.97,20242200.0,232.97
2015-09-19,232.86,233.21,231.09,231.49,12712600.0,231.49
2015-09-20,231.4,232.37,230.91,231.21,14444700.0,231.21
2015-09-21,231.22,231.22,226.52,227.09,19678800.0,227.09
2015-09-22,226.97,232.39,225.12,230.62,25009300.0,230.62
2015-09-23,230.94,231.84,229.59,230.28,17254100.0,230.28
2015-09-24,230.36,235.65,230.29,234.53,25097800.0,234.53
2015-09-25,234.36,237.43,233.68,235.14,22363600.0,235.14
2015-09-26,235.08,235.4,233.36,234.34,13724100.0,234.34
2015-09-27,234.14,234.53,232.48,232.76,14179900.0,232.76
2015-09-28,232.84,239.34,232.47,239.14,24713000.0,239.14
2015-09-29,239.02,239.8,235.93,236.69,22691300.0,236.69
2015-09-30,236.64,237.73,235.63,236.06,19743500.0,236.06
2015-10-01,236.0,238.44,235.62,237.55,20488800.0,237.55
2015-10-02,237.26,238.54,236.6,237.29,19677900.0,237.29
2015-10-03,237.2,239.31,236.94,238.73,16482700.0,238.73
2015-10-04,238.53,238.97,237.94,238.26,12999000.0,238.26
2015-10-05,238.15,240.38,237.03,240.38,23335900.0,240.38
2015-10-06,240.36,246.94,240.14,246.06,27535100.0,246.06
2015-10-07,246.17,246.68,242.59,242.97,22999200.0,242.97
2015-10-08,243.07,244.25,242.18,242.3,18515300.0,242.3
2015-10-09,242.5,244.23,242.12,243.93,17353100.0,243.93
2015-10-10,243.74,245.32,243.07,244.94,15912700.0,244.94
2015-10-11,244.74,247.24,244.15,247.05,16827300.0,247.05
2015-10-12,246.88,247.45,245.18,245.31,17388300.0,245.31
2015-10-13,245.2,250.24,243.76,249.51,28198500.0,249.51
2015-10-14,249.49,254.28,248.9,251.99,27462600.0,251.99
2015-10-15,252.11,255.96,252.05,254.32,25223500.0,254.32
2015-10-16,254.3,266.13,253.93,262.87,35901500.0,262.87
2015-10-17,262.75,273.58,262.37,270.64,43199600.0,270.64
2015-10-18,270.91,271.67,260.78,261.64,22434300.0,261.64
2015-10-19,261.86,264.82,260.95,263.44,25258800.0,263.44
2015-10-20,263.57,270.83,263.23,269.46,30889800.0,269.46
2015-10-21,269.31,270.77,263.84,266.27,25637300.0,266.27
2015-10-22,266.5,276.51,266.13,274.02,37808600.0,274.02
2015-10-23,273.65,278.68,273.54,276.5,29442500.0,276.5
2015-10-24,276.5,281.71,276.5,281.65,25942400.0,281.65
2015-10-25,281.44,294.06,281.44,283.68,45717100.0,283.68
2015-10-26,283.63,285.3,280.51,285.3,32108800.0,285.3
2015-10-27,285.18,296.21,285.01,293.79,46331800.0,293.79
2015-10-28,293.7,306.33,293.7,304.62,50808100.0,304.62
2015-10-29,304.32,318.17,301.82,313.86,64495900.0,313.86
2015-10-30,313.94,334.17,313.94,328.01,78305000.0,328.01
2015-10-31,328.51,332.78,309.25,314.17,48598100.0,314.17
2015-11-01,315.0,327.47,311.88,325.43,37001100.0,325.43
2015-11-02,325.94,365.36,323.21,361.19,101918000.0,361.19
2015-11-03,361.87,417.9,357.65,403.42,206162000.0,403.42
2015-11-04,403.66,495.56,380.55,411.56,263900000.0,411.56
2015-11-05,408.08,447.56,374.58,386.35,151825000.0,386.35
2015-11-06,388.05,395.84,354.02,374.47,122687000.0,374.47
2015-11-07,374.27,390.59,372.43,386.48,56625100.0,386.48
2015-11-08,384.28,389.89,368.7,373.37,51817600.0,373.37
2015-11-09,374.32,385.28,362.89,380.26,68224400.0,380.26
2015-11-10,379.98,381.39,329.11,336.82,95797900.0,336.82
2015-11-11,339.82,340.58,301.0,311.08,107070000.0,311.08
2015-11-12,314.08,345.08,313.36,338.15,78477800.0,338.15
2015-11-13,338.5,340.91,326.07,336.75,52003000.0,336.75
2015-11-14,336.62,338.18,329.97,332.91,38612000.0,332.91
2015-11-15,333.05,334.66,317.49,320.17,44213100.0,320.17
2015-11-16,319.74,331.63,315.9,330.75,47980100.0,330.75
2015-11-17,330.36,338.35,329.61,335.09,51001600.0,335.09
2015-11-18,334.59,336.53,330.64,334.59,43783800.0,334.59
2015-11-19,334.68,335.33,325.27,326.15,45011100.0,326.15
2015-11-20,326.41,326.47,312.22,322.02,53152900.0,322.02
2015-11-21,322.09,328.16,319.6,326.93,28200500.0,326.93
2015-11-22,326.98,327.01,321.26,324.54,23439400.0,324.54
2015-11-23,324.35,325.12,321.29,323.05,27478900.0,323.05
2015-11-24,323.01,323.06,318.12,320.05,29362600.0,320.05
2015-11-25,320.05,329.13,316.77,328.21,41666900.0,328.21
2015-11-26,328.3,366.76,328.23,352.68,106105000.0,352.68
2015-11-27,351.86,363.59,347.87,358.04,55179100.0,358.04
2015-11-28,357.14,359.54,352.17,357.38,36816600.0,357.38
2015-11-29,357.47,371.94,355.67,371.29,40409300.0,371.29
2015-11-30,371.44,382.36,370.38,377.32,71701600.0,377.32
2015-12-01,377.41,378.93,356.56,362.49,60452200.0,362.49
2015-12-02,361.85,362.23,349.46,359.19,54160500.0,359.19
2015-12-03,359.33,370.27,357.41,361.05,50714900.0,361.05
2015-12-04,361.26,363.52,355.76,363.18,35784100.0,363.18
2015-12-05,363.72,389.79,363.23,388.95,66282200.0,388.95
2015-12-06,389.56,402.81,387.09,388.78,77762000.0,388.78
2015-12-07,389.98,399.97,385.41,395.54,63455800.0,395.54
2015-12-08,395.75,415.56,389.95,415.56,57801400.0,415.56
2015-12-09,414.44,423.12,406.29,417.56,90917200.0,417.56
2015-12-10,417.99,419.51,411.55,415.48,52138900.0,415.48
2015-12-11,415.28,451.94,415.28,451.94,110944000.0,451.94
2015-12-12,452.33,469.1,410.74,435.0,131969000.0,435.0
2015-12-13,431.66,441.68,426.27,433.75,55050600.0,433.75
2015-12-14,433.27,447.14,430.46,444.18,130496000.0,444.18
2015-12-15,443.88,465.32,443.88,465.32,83121100.0,465.32
2015-12-16,465.21,465.21,443.85,454.93,107944000.0,454.93
2015-12-17,454.78,457.86,448.86,456.08,47978400.0,456.08
2015-12-18,455.85,465.18,454.94,463.62,60220100.0,463.62
2015-12-19,463.55,465.58,456.76,462.32,47892700.0,462.32
2015-12-20,462.23,462.64,434.34,442.69,75409400.0,442.69
2015-12-21,442.84,444.73,427.31,438.64,77639700.0,438.64
2015-12-22,437.44,443.69,435.52,436.57,50840400.0,436.57
2015-12-23,436.72,444.53,436.62,442.4,47161400.0,442.4
2015-12-24,443.09,458.46,443.08,454.99,57157200.0,454.99
2015-12-25,454.86,458.31,452.07,455.65,39078500.0,455.65
2015-12-26,455.76,457.49,405.76,417.27,116166000.0,417.27
2015-12-27,416.51,424.01,408.88,422.82,53591200.0,422.82
2015-12-28,423.34,429.77,418.48,422.28,49638600.0,422.28
2015-12-29,422.1,432.98,420.63,432.98,51596500.0,432.98
2015-12-30,433.3,434.39,422.08,426.62,46889400.0,426.62
2015-12-31,425.88,432.92,418.74,430.57,45996600.0,430.57
2016-01-01,430.72,436.25,427.51,434.33,36278900.0,434.33
2016-01-02,434.62,436.06,431.87,433.44,30096600.0,433.44
2016-01-03,433.58,433.74,424.71,430.01,39633800.0,430.01
2016-01-04,430.06,434.52,429.08,433.09,38477500.0,433.09
2016-01-05,433.07,434.18,429.68,431.96,34522600.0,431.96
2016-01-06,431.86,431.86,426.34,429.11,34042500.0,429.11
2016-01-07,430.01,458.77,429.08,458.05,87562200.0,458.05
2016-01-08,457.54,462.93,447.94,453.23,56993000.0,453.23
2016-01-09,453.38,454.64,446.89,447.61,32278000.0,447.61
2016-01-10,448.24,448.31,440.35,447.99,35995900.0,447.99
2016-01-11,448.7,450.66,443.86,448.43,40450000.0,448.43
2016-01-12,448.18,448.18,435.69,435.69,115607000.0,435.69
2016-01-13,434.67,435.19,424.44,432.37,173888000.0,432.37
2016-01-14,432.29,433.32,427.85,430.31,43945500.0,430.31
2016-01-15,430.25,430.25,364.33,364.33,153351000.0,364.33
2016-01-16,365.07,390.56,354.91,387.54,120352000.0,387.54
2016-01-17,387.15,390.96,380.09,382.3,45319600.0,382.3
2016-01-18,381.73,388.1,376.67,387.17,54403900.0,387.17
2016-01-19,387.03,387.73,378.97,380.15,46819800.0,380.15
2016-01-20,379.74,425.27,376.6,420.23,121720000.0,420.23
2016-01-21,419.63,422.88,406.3,410.26,68338000.0,410.26
2016-01-22,409.75,410.41,375.28,382.49,91546600.0,382.49
2016-01-23,382.43,394.54,381.98,387.49,56247400.0,387.49
2016-01-24,388.1,405.49,387.51,402.97,54824800.0,402.97
2016-01-25,402.32,402.32,388.55,391.73,59062400.0,391.73
2016-01-26,392.0,397.77,390.57,392.15,58147000.0,392.15
2016-01-27,392.44,396.84,391.78,394.97,47424400.0,394.97
2016-01-28,395.15,395.5,379.74,380.29,59247900.0,380.29
2016-01-29,380.11,384.38,365.45,379.47,86125300.0,379.47
2016-01-30,378.87,380.92,376.49,378.25,30284400.0,378.25
2016-01-31,378.29,380.35,367.83,368.77,37894300.0,368.77
2016-02-01,369.35,378.07,367.96,373.06,51656700.0,373.06
2016-02-02,372.92,375.88,372.92,374.45,40378700.0,374.45
2016-02-03,374.65,374.95,368.05,369.95,45933400.0,369.95
2016-02-04,370.17,391.61,369.99,389.59,69285500.0,389.59
2016-02-05,388.9,391.09,385.57,386.55,43825000.0,386.55
2016-02-06,386.59,386.63,372.39,376.52,49249300.0,376.52
2016-02-07,376.51,380.87,374.9,376.62,37076300.0,376.62
2016-02-08,376.76,379.88,373.33,373.45,47671100.0,373.45
2016-02-09,373.42,377.25,372.9,376.03,55318500.0,376.03
2016-02-10,376.15,385.48,375.78,381.65,85130900.0,381.65
2016-02-11,382.11,383.13,376.4,379.65,74375600.0,379.65
2016-02-12,379.69,384.95,379.6,384.26,67042800.0,384.26
2016-02-13,384.64,391.86,384.64,391.86,61911700.0,391.86
2016-02-14,392.93,407.23,392.93,407.23,74469800.0,407.23
2016-02-15,407.57,410.38,397.75,400.19,74070500.0,400.19
2016-02-16,401.43,408.94,401.43,407.49,73093100.0,407.49
2016-02-17,407.66,421.17,406.78,416.32,83193600.0,416.32
2016-02-18,416.57,426.0,415.64,422.37,76752600.0,422.37
2016-02-19,422.73,423.1,417.6,420.79,55711300.0,420.79
2016-02-20,421.6,441.98,421.6,437.16,93992100.0,437.16
2016-02-21,437.77,448.05,429.08,438.8,89820700.0,438.8
2016-02-22,438.99,439.05,432.92,437.75,85385200.0,437.75
2016-02-23,438.25,439.86,417.82,420.74,85244900.0,420.74
2016-02-24,420.96,425.55,413.91,424.95,67743700.0,424.95
2016-02-25,425.04,427.72,420.42,424.54,70798000.0,424.54
2016-02-26,424.63,432.15,421.62,432.15,61486000.0,432.15
2016-02-27,432.84,434.23,428.1,432.52,41893600.0,432.52
2016-02-28,432.57,435.68,423.82,433.5,53033400.0,433.5
2016-02-29,433.44,441.51,431.69,437.7,60694700.0,437.7
2016-03-01,437.92,439.65,432.32,435.12,74895800.0,435.12
2016-03-02,435.13,435.92,423.99,423.99,74955300.0,423.99
2016-03-03,423.91,425.37,419.41,421.65,100484000.0,421.65
2016-03-04,421.84,425.18,410.94,410.94,90856100.0,410.94
2016-03-05,410.78,411.26,394.04,400.57,135385000.0,400.57
2016-03-06,400.52,411.91,395.78,407.71,91212500.0,407.71
2016-03-07,407.76,415.92,406.31,414.32,85762400.0,414.32
2016-03-08,414.46,416.24,411.09,413.97,70311700.0,413.97
2016-03-09,413.89,416.03,411.61,414.86,70012300.0,414.86
2016-03-10,414.74,417.51,413.25,417.13,81022900.0,417.13
2016-03-11,417.24,423.93,417.01,421.69,73969700.0,421.69
2016-03-12,421.61,421.8,410.09,411.62,92712900.0,411.62
2016-03-13,411.65,416.6,411.64,414.06,74322800.0,414.06
2016-03-14,414.2,416.68,414.2,416.44,95259400.0,416.44
2016-03-15,416.39,418.13,414.99,416.83,66781700.0,416.83
2016-03-16,416.89,417.69,415.91,417.01,65185800.0,417.01
2016-03-17,417.89,421.0,417.89,420.62,83528600.0,420.62
2016-03-18,420.55,420.55,406.14,409.55,104940000.0,409.55
2016-03-19,409.26,410.98,407.23,410.44,58423000.0,410.44
2016-03-20,410.4,414.63,410.4,413.75,45947900.0,413.75
2016-03-21,413.42,413.42,410.38,413.31,61655400.0,413.31
2016-03-22,413.13,418.38,412.53,418.09,66813300.0,418.09
2016-03-23,418.16,419.27,417.36,418.04,61444200.0,418.04
2016-03-24,418.42,418.68,415.49,416.39,68346700.0,416.39
2016-03-25,416.51,418.08,415.56,417.18,52560000.0,417.18
2016-03-26,417.37,418.99,416.26,417.94,44650400.0,417.94
2016-03-27,418.14,428.8,417.71,426.76,71229400.0,426.76
2016-03-28,426.55,426.86,423.29,424.23,68522800.0,424.23
2016-03-29,424.3,426.2,412.68,416.52,75411500.0,416.52
2016-03-30,416.83,416.83,412.5,414.82,66034100.0,414.82
2016-03-31,415.26,418.37,415.26,416.73,60215200.0,416.73
2016-04-01,416.76,418.17,415.83,417.96,51235700.0,417.96
2016-04-02,418.42,422.08,418.42,420.87,45681200.0,420.87
2016-04-03,421.17,421.58,419.7,420.9,38053700.0,420.9
2016-04-04,421.3,422.34,419.6,421.44,50634300.0,421.44
2016-04-05,421.02,424.26,420.61,424.03,60718000.0,424.03
2016-04-06,424.28,424.53,422.73,423.41,59091000.0,423.41
2016-04-07,423.62,423.66,420.52,422.75,57858600.0,422.75
2016-04-08,422.91,425.36,419.63,420.35,63454700.0,420.35
2016-04-09,420.81,420.89,416.51,419.41,49792700.0,419.41
2016-04-10,419.59,422.44,419.26,421.56,73478600.0,421.56
2016-04-11,421.87,422.74,420.53,422.48,50747500.0,422.48
2016-04-12,422.84,427.28,422.84,425.19,70728800.0,425.19
2016-04-13,425.63,426.66,422.92,423.73,69060400.0,423.73
2016-04-14,423.94,425.37,423.01,424.28,45281000.0,424.28
2016-04-15,424.43,429.93,424.43,429.71,54801500.0,429.71
2016-04-16,429.57,432.63,428.98,430.57,39392800.0,430.57
2016-04-17,430.64,431.37,426.08,427.4,52125900.0,427.4
2016-04-18,427.61,429.27,427.09,428.59,55670900.0,428.59
2016-04-19,428.7,436.02,428.1,435.51,52810500.0,435.51
2016-04-20,435.32,443.05,434.41,441.39,72890100.0,441.39
2016-04-21,441.42,450.55,440.95,449.43,68204700.0,449.43
2016-04-22,449.69,449.81,444.15,445.74,58804400.0,445.74
2016-04-23,445.86,450.28,444.33,450.28,50485400.0,450.28
2016-04-24,450.56,460.15,448.93,458.56,68198400.0,458.56
2016-04-25,459.12,466.62,453.59,461.43,87091800.0,461.43
2016-04-26,461.65,467.96,461.62,466.09,78971900.0,466.09
2016-04-27,466.26,467.08,444.13,444.69,93564900.0,444.69
2016-04-28,445.04,449.55,436.65,449.01,74064700.0,449.01
2016-04-29,449.41,455.38,446.02,455.1,49258500.0,455.1
2016-04-30,455.18,455.59,447.7,448.32,69322600.0,448.32
2016-05-01,448.48,452.48,447.93,451.88,40660100.0,451.88
2016-05-02,451.93,452.44,441.78,444.67,92127000.0,444.67
2016-05-03,444.73,451.1,442.62,450.3,59366400.0,450.3
2016-05-04,450.18,450.38,445.63,446.72,50407300.0,446.72
2016-05-05,446.71,448.51,445.88,447.98,50440800.0,447.98
2016-05-06,447.94,461.38,447.07,459.6,72796800.0,459.6
2016-05-07,459.64,460.68,457.32,458.54,38364500.0,458.54
2016-05-08,458.43,459.42,455.98,458.55,40315000.0,458.55
2016-05-09,458.21,462.48,456.53,460.48,55493100.0,460.48
2016-05-10,460.52,461.93,448.95,450.89,58956100.0,450.89
2016-05-11,450.86,454.58,450.86,452.73,50605200.0,452.73
2016-05-12,452.45,454.95,449.25,454.77,59849300.0,454.77
2016-05-13,454.85,457.06,453.45,455.67,60845000.0,455.67
2016-05-14,455.82,456.84,454.79,455.67,37209000.0,455.67
2016-05-15,455.76,458.69,455.46,457.57,28514000.0,457.57
2016-05-16,457.59,458.2,452.94,454.16,59171500.0,454.16
2016-05-17,454.01,455.07,453.61,453.78,64100300.0,453.78
2016-05-18,453.69,456.0,453.3,454.62,86850100.0,454.62
2016-05-19,454.52,454.63,438.71,438.71,96027400.0,438.71
2016-05-20,437.79,444.05,437.39,442.68,81987900.0,442.68
2016-05-21,442.97,443.78,441.71,443.19,42762300.0,443.19
2016-05-22,443.22,443.43,439.04,439.32,39657600.0,439.32
2016-05-23,439.35,444.35,438.82,444.15,50582500.0,444.15
2016-05-24,444.29,447.1,443.93,445.98,65783100.0,445.98
2016-05-25,446.06,450.3,446.06,449.6,65231000.0,449.6
2016-05-26,449.67,453.64,447.9,453.38,65203800.0,453.38
2016-05-27,453.52,478.15,453.52,473.46,164781000.0,473.46
2016-05-28,473.03,533.47,472.7,530.04,181199000.0,530.04
2016-05-29,527.48,553.96,512.18,526.23,148737000.0,526.23
2016-05-30,528.47,544.35,522.96,533.86,87958700.0,533.86
2016-05-31,534.19,546.62,520.66,531.39,138450000.0,531.39
2016-06-01,531.11,543.08,525.64,536.92,86061800.0,536.92
2016-06-02,536.51,540.35,533.08,537.97,60378200.0,537.97
2016-06-03,537.68,574.64,536.92,569.19,122020000.0,569.19
2016-06-04,569.71,590.13,564.24,572.73,94925300.0,572.73
2016-06-05,573.31,582.81,569.18,574.98,68874100.0,574.98
2016-06-06,574.6,586.47,574.6,585.54,72138900.0,585.54
2016-06-07,585.45,590.26,567.51,576.6,107770000.0,576.6
2016-06-08,577.17,582.84,573.13,581.64,80265800.0,581.64
2016-06-09,582.2,582.2,570.95,574.63,71301000.0,574.63
2016-06-10,575.84,579.13,573.33,577.47,66991900.0,577.47
2016-06-11,578.67,607.12,578.67,606.73,82357000.0,606.73
2016-06-12,609.68,684.84,607.04,672.78,277085000.0,672.78
2016-06-13,671.65,716.0,664.49,704.38,243295000.0,704.38
2016-06-14,704.5,704.5,662.8,685.56,186694000.0,685.56
2016-06-15,685.68,696.3,672.56,694.47,99223800.0,694.47
2016-06-16,696.52,773.72,696.52,766.31,271634000.0,766.31
2016-06-17,768.49,775.36,716.56,748.91,363321000.0,748.91
2016-06-18,748.76,777.99,733.93,756.23,252718000.0,756.23
2016-06-19,756.69,766.62,745.63,763.78,136185000.0,763.78
2016-06-20,763.93,764.08,732.73,737.23,174511000.0,737.23
2016-06-21,735.88,735.88,639.07,666.65,309944000.0,666.65
2016-06-22,665.91,678.67,587.48,596.12,266393000.0,596.12
2016-06-23,597.44,629.33,558.14,623.98,253462000.0,623.98
2016-06-24,625.58,681.73,625.27,665.3,224317000.0,665.3
2016-06-25,665.28,691.73,646.56,665.12,126656000.0,665.12
2016-06-26,665.93,665.98,616.93,629.37,109225000.0,629.37
2016-06-27,629.35,655.27,620.52,655.27,122134000.0,655.27
2016-06-28,658.1,659.25,637.77,647.0,138385000.0,647.0
2016-06-29,644.12,644.68,628.28,639.89,142456000.0,639.89
2016-06-30,640.59,675.4,636.61,673.34,138980000.0,673.34
2016-07-01,672.51,686.15,669.59,676.3,134431000.0,676.3
2016-07-02,676.73,703.7,676.4,703.7,112354000.0,703.7
2016-07-03,704.97,704.97,649.01,658.66,129512000.0,658.66
2016-07-04,658.8,683.66,650.51,683.66,92008400.0,683.66
2016-07-05,683.21,683.49,665.07,670.63,130476000.0,670.63
2016-07-06,670.42,681.9,670.42,677.33,134961000.0,677.33
2016-07-07,678.09,682.43,611.83,640.56,258091000.0,640.56
2016-07-08,640.69,666.71,636.47,666.52,141970000.0,666.52
2016-07-09,666.38,666.38,633.4,650.96,180536000.0,650.96
2016-07-10,650.6,652.29,641.26,649.36,102532000.0,649.36
2016-07-11,648.48,659.63,644.98,647.66,107910000.0,647.66
2016-07-12,648.28,675.26,646.78,664.55,138173000.0,664.55
2016-07-13,664.8,668.7,654.47,654.47,131449000.0,654.47
2016-07-14,652.92,662.9,652.92,658.08,98511400.0,658.08
2016-07-15,659.17,667.08,659.04,663.25,81673100.0,663.25
2016-07-16,663.78,666.46,659.33,660.77,50330200.0,660.77
2016-07-17,661.99,682.37,661.99,679.46,74407900.0,679.46
2016-07-18,679.81,681.55,668.63,673.11,69465000.0,673.11
2016-07-19,672.74,673.28,667.63,672.86,61203300.0,672.86
2016-07-20,672.81,672.93,663.36,665.68,94636400.0,665.68
2016-07-21,665.23,666.22,660.41,665.01,60491800.0,665.01
2016-07-22,664.92,666.58,646.72,650.62,134169000.0,650.62
2016-07-23,650.73,656.37,648.52,655.56,69532200.0,655.56
2016-07-24,655.41,663.11,652.79,661.28,118184000.0,661.28
2016-07-25,661.26,661.83,653.39,654.1,78176500.0,654.1
2016-07-26,654.23,656.23,645.88,651.78,225135000.0,651.78
2016-07-27,651.63,657.46,648.45,654.35,147461000.0,654.35
2016-07-28,654.49,657.6,654.49,655.03,86428400.0,655.03
2016-07-29,655.11,657.8,654.79,656.99,60703500.0,656.99
2016-07-30,657.01,658.22,654.21,655.05,38456100.0,655.05
2016-07-31,655.1,655.28,624.37,624.68,110818000.0,624.68
2016-08-01,624.6,626.12,605.88,606.27,121887000.0,606.27
2016-08-02,606.4,612.85,531.33,547.47,330933000.0,547.47
2016-08-03,548.66,573.36,541.55,566.36,207982000.0,566.36
2016-08-04,566.33,579.5,565.78,578.29,125292000.0,578.29
2016-08-05,578.28,578.28,569.98,575.04,66127900.0,575.04
2016-08-06,575.03,588.4,569.47,587.78,80797300.0,587.78
2016-08-07,587.77,597.51,586.82,592.69,82398400.0,592.69
2016-08-08,592.74,592.99,588.05,591.05,61194100.0,591.05
2016-08-09,591.04,591.09,584.79,587.8,92228100.0,587.8
2016-08-10,587.65,599.98,586.37,592.1,102905000.0,592.1
2016-08-11,592.12,597.54,589.12,589.12,74514400.0,589.12
2016-08-12,588.8,589.91,583.81,587.56,69218000.0,587.56
2016-08-13,587.36,589.77,584.98,585.59,43563000.0,585.59
2016-08-14,585.59,585.67,564.78,570.47,60851100.0,570.47
2016-08-15,570.49,573.58,563.24,567.24,57262300.0,567.24
2016-08-16,567.24,581.74,566.72,577.44,58405200.0,577.44
2016-08-17,577.76,580.89,571.43,573.22,54443000.0,573.22
2016-08-18,573.71,577.79,573.43,574.32,59896600.0,574.32
2016-08-19,574.34,578.24,574.18,575.63,50631600.0,575.63
2016-08-20,576.08,582.82,575.46,581.7,45301400.0,581.7
2016-08-21,581.94,584.16,580.22,581.31,38299400.0,581.31
2016-08-22,581.31,588.45,580.59,586.75,72844000.0,586.75
2016-08-23,586.77,589.47,581.63,583.41,85349200.0,583.41
2016-08-24,583.41,583.59,579.86,580.18,56328200.0,580.18
2016-08-25,580.18,580.45,575.17,577.76,136130000.0,577.76
2016-08-26,577.75,580.62,576.86,579.65,48856800.0,579.65
2016-08-27,579.45,579.85,568.63,569.95,59698300.0,569.95
2016-08-28,569.83,574.04,569.74,573.91,86301600.0,573.91
2016-08-29,574.07,576.28,573.47,574.11,110398000.0,574.11
2016-08-30,574.11,578.36,574.11,577.5,70342400.0,577.5
2016-08-31,577.59,577.86,573.64,575.47,75840900.0,575.47
2016-09-01,575.55,576.31,571.81,572.3,76923400.0,572.3
2016-09-02,572.41,575.64,570.81,575.54,79910800.0,575.54
2016-09-03,575.55,599.5,574.06,598.21,159014000.0,598.21
2016-09-04,598.59,611.84,596.85,608.63,97942900.0,608.63
2016-09-05,608.99,609.05,602.24,606.59,82446800.0,606.59
2016-09-06,606.51,610.83,605.09,610.44,78529100.0,610.44
2016-09-07,610.57,614.54,608.51,614.54,75032400.0,614.54
2016-09-08,614.63,628.77,613.84,626.32,86713000.0,626.32
2016-09-09,626.35,626.83,620.26,622.86,64550200.0,622.86
2016-09-10,622.93,625.1,622.39,623.51,45016800.0,623.51
2016-09-11,623.42,628.82,600.51,606.72,73610800.0,606.72
2016-09-12,607.0,608.46,605.41,608.24,72812300.0,608.24
2016-09-13,608.02,611.19,606.92,609.24,86920600.0,609.24
2016-09-14,608.84,611.95,608.41,610.68,47877700.0,610.68
2016-09-15,610.59,611.09,607.15,607.15,59464600.0,607.15
2016-09-16,607.25,609.26,606.74,606.97,64963400.0,606.97
2016-09-17,607.22,607.86,605.19,605.98,37140300.0,605.98
2016-09-18,606.28,610.16,605.86,609.87,48679400.0,609.87
2016-09-19,609.87,610.93,608.27,609.23,54796400.0,609.23
2016-09-20,609.25,609.52,607.94,608.31,72710900.0,608.31
2016-09-21,603.59,603.59,595.88,597.15,82776200.0,597.15
2016-09-22,597.28,598.49,596.21,596.3,67085300.0,596.3
2016-09-23,596.2,603.21,595.79,602.84,51067000.0,602.84
2016-09-24,602.96,604.58,602.04,602.63,35359500.0,602.63
2016-09-25,602.75,603.38,599.71,600.83,33977800.0,600.83
2016-09-26,600.81,608.14,600.35,608.04,59153800.0,608.04
2016-09-27,608.02,608.25,604.11,606.17,49422400.0,606.17
2016-09-28,606.24,606.59,604.61,604.73,48722600.0,604.73
2016-09-29,605.02,606.82,604.85,605.69,55658600.0,605.69
2016-09-30,605.72,609.74,604.14,609.74,56122400.0,609.74
2016-10-01,609.93,615.24,609.93,613.98,56357000.0,613.98
2016-10-02,613.95,614.0,609.68,610.89,39249800.0,610.89
2016-10-03,610.97,612.57,610.46,612.13,46798300.0,612.13
2016-10-04,612.05,612.05,609.48,610.2,49801600.0,610.2
2016-10-05,610.22,613.81,609.62,612.51,68077500.0,612.51
2016-10-06,612.47,613.82,611.47,613.02,56812100.0,613.02
2016-10-07,612.61,617.91,611.82,617.12,64071400.0,617.12
2016-10-08,617.34,619.85,617.34,619.11,42345900.0,619.11
2016-10-09,619.17,619.2,616.61,616.75,39243400.0,616.75
2016-10-10,616.82,621.32,616.2,618.99,67481100.0,618.99
2016-10-11,619.24,642.08,618.5,641.07,103590000.0,641.07
2016-10-12,640.87,641.34,635.97,636.19,92370200.0,636.19
2016-10-13,636.03,638.83,635.03,636.79,61620700.0,636.79
2016-10-14,637.01,641.28,637.01,640.38,58144600.0,640.38
2016-10-15,640.31,642.1,637.39,638.65,39035400.0,638.65
2016-10-16,639.08,642.9,638.9,641.63,40298100.0,641.63
2016-10-17,641.82,642.33,638.66,639.19,58063600.0,639.19
2016-10-18,639.41,640.74,636.0,637.96,65546700.0,637.96
2016-10-19,638.13,638.87,628.01,630.52,69381700.0,630.52
2016-10-20,630.66,631.92,628.26,630.86,56957300.0,630.86
2016-10-21,630.83,634.09,630.69,632.83,55951000.0,632.83
2016-10-22,633.14,658.2,632.85,657.29,78556500.0,657.29
2016-10-23,657.62,661.13,653.89,657.07,54474600.0,657.07
2016-10-24,657.16,657.25,652.6,653.76,62218200.0,653.76
2016-10-25,654.0,664.42,653.7,657.59,90378800.0,657.59
2016-10-26,657.68,679.73,657.68,678.3,88877100.0,678.3
2016-10-27,678.21,688.59,678.04,688.31,96105300.0,688.31
2016-10-28,688.0,690.44,684.16,689.65,81145500.0,689.65
2016-10-29,690.29,720.4,690.05,714.48,134761000.0,714.48
2016-10-30,714.12,714.12,696.48,701.86,100665000.0,701.86
2016-10-31,702.64,709.29,691.68,700.97,97064400.0,700.97
2016-11-01,701.34,736.45,701.34,729.79,130527000.0,729.79
2016-11-02,730.07,740.83,722.35,740.83,84865200.0,740.83
2016-11-03,742.35,745.77,678.16,688.7,172808000.0,688.7
2016-11-04,689.12,706.93,685.56,703.24,99907700.0,703.24
2016-11-05,703.52,707.51,697.74,703.42,53752300.0,703.42
2016-11-06,703.81,714.26,699.56,711.52,59902200.0,711.52
2016-11-07,710.74,710.74,699.9,703.13,65047100.0,703.13
2016-11-08,703.09,712.99,702.39,709.85,79660800.0,709.85
2016-11-09,709.83,740.05,708.61,723.27,132429000.0,723.27
2016-11-10,722.84,723.02,711.21,715.53,68807800.0,715.53
2016-11-11,715.55,718.32,714.41,716.41,63119700.0,716.41
2016-11-12,716.75,717.15,704.03,705.05,64622500.0,705.05
2016-11-13,705.2,705.26,687.32,702.03,80318100.0,702.03
2016-11-14,702.0,706.28,699.81,705.02,62993000.0,705.02
2016-11-15,705.79,715.72,705.26,711.62,72038500.0,711.62
2016-11-16,711.17,747.62,709.04,744.2,141294000.0,744.2
2016-11-17,744.88,755.64,739.51,740.98,108579000.0,740.98
2016-11-18,740.71,752.88,736.89,751.59,87363100.0,751.59
2016-11-19,751.83,756.24,744.47,751.62,110608000.0,751.62
2016-11-20,751.88,755.48,717.94,731.03,154116000.0,731.03
2016-11-21,731.26,741.72,730.51,739.25,60802400.0,739.25
2016-11-22,739.64,753.87,736.53,751.35,129906000.0,751.35
2016-11-23,751.74,752.25,738.92,744.59,76543800.0,744.59
2016-11-24,744.62,746.83,733.49,740.29,85919300.0,740.29
2016-11-25,740.44,741.65,734.59,741.65,67807600.0,741.65
2016-11-26,741.51,742.21,729.63,735.38,54962700.0,735.38
2016-11-27,735.44,739.02,731.09,732.03,52601800.0,732.03
2016-11-28,732.48,738.01,732.48,735.81,61888600.0,735.81
2016-11-29,736.33,737.47,734.56,735.6,68511100.0,735.6
2016-11-30,736.28,747.93,736.26,745.69,84070800.0,745.69
2016-12-01,746.05,758.27,746.05,756.77,80461900.0,756.77
2016-12-02,757.54,781.3,757.54,777.94,127605000.0,777.94
2016-12-03,778.25,778.25,764.86,771.15,69547300.0,771.15
2016-12-04,771.64,773.87,768.16,773.87,60557900.0,773.87
2016-12-05,773.39,773.47,751.71,758.7,106363000.0,758.7
2016-12-06,758.72,765.62,758.72,764.22,116218000.0,764.22
2016-12-07,764.21,771.54,759.75,768.13,96426100.0,768.13
2016-12-08,768.08,774.7,765.95,770.81,80111900.0,770.81
2016-12-09,769.94,774.53,769.65,772.79,68705300.0,772.79
2016-12-10,773.02,777.09,772.91,774.65,53843100.0,774.65
2016-12-11,774.75,774.8,765.41,769.73,57313400.0,769.73
2016-12-12,770.04,781.92,770.04,780.09,76571000.0,780.09
2016-12-13,780.65,788.46,777.96,780.56,81645600.0,780.56
2016-12-14,780.0,782.03,776.84,781.48,75979000.0,781.48
2016-12-15,780.07,781.43,777.8,778.09,81580100.0,778.09
2016-12-16,778.96,785.03,778.96,784.91,83608200.0,784.91
2016-12-17,785.17,792.51,784.86,790.83,78989800.0,790.83
2016-12-18,791.01,794.74,788.03,790.53,60524400.0,790.53
2016-12-19,790.69,793.61,790.32,792.71,74886400.0,792.71
2016-12-20,792.25,801.34,791.5,800.88,99629300.0,800.88
2016-12-21,800.64,834.28,799.4,834.28,155576000.0,834.28
2016-12-22,834.18,875.78,834.15,864.54,200027000.0,864.54
2016-12-23,864.89,925.12,864.68,921.98,275564000.0,921.98
2016-12-24,922.18,923.48,886.34,898.82,137727000.0,898.82
2016-12-25,899.65,899.65,862.42,896.18,143665000.0,896.18
2016-12-26,896.9,913.18,896.9,907.61,123771000.0,907.61
2016-12-27,908.35,940.05,904.25,933.2,167308000.0,933.2
2016-12-28,934.83,975.92,934.83,975.92,236630000.0,975.92
2016-12-29,975.13,979.4,954.5,973.5,199320000.0,973.5
2016-12-30,972.53,972.53,934.83,961.24,187474000.0,961.24
2016-12-31,960.63,963.74,947.24,963.74,99135100.0,963.74
2017-01-01,963.66,1003.08,958.7,998.33,147775000.0,998.33
2017-01-02,998.62,1031.39,996.7,1021.75,222185000.0,1021.75
2017-01-03,1021.6,1044.08,1021.6,1043.84,185168000.0,1043.84
2017-01-04,1044.4,1159.42,1044.4,1154.73,344946000.0,1154.73
2017-01-05,1156.73,1191.1,910.42,1013.38,510199000.0,1013.38
2017-01-06,1014.24,1046.81,883.94,902.2,351876000.0,902.2
2017-01-07,903.49,908.59,823.56,908.59,279550000.0,908.59
2017-01-08,908.17,942.72,887.25,911.2,158715000.0,911.2
2017-01-09,913.24,913.69,879.81,902.83,141877000.0,902.83
2017-01-10,902.44,914.87,901.06,907.68,115808000.0,907.68
2017-01-11,908.12,919.45,762.76,777.76,310929000.0,777.76
2017-01-12,775.18,826.25,755.76,804.83,222326000.0,804.83
2017-01-13,803.74,829.0,780.0,823.98,168968000.0,823.98
2017-01-14,825.14,835.09,812.46,818.41,93063300.0,818.41
2017-01-15,818.14,823.31,812.87,821.8,71013600.0,821.8
2017-01-16,821.78,834.53,820.27,831.53,82755200.0,831.53
2017-01-17,830.95,910.56,830.8,907.94,155095000.0,907.94
2017-01-18,909.37,917.5,858.3,886.62,225677000.0,886.62
2017-01-19,888.34,904.61,884.34,899.07,105625000.0,899.07
2017-01-20,898.17,899.4,887.01,895.03,86728400.0,895.03
2017-01-21,895.55,927.37,895.53,921.79,111158000.0,921.79
2017-01-22,922.21,937.52,897.56,924.67,116573000.0,924.67
2017-01-23,925.5,928.27,916.74,921.01,73588600.0,921.01
2017-01-24,910.68,924.14,892.29,892.69,111349000.0,892.69
2017-01-25,891.92,903.25,891.69,901.54,120831000.0,901.54
2017-01-26,902.39,919.33,902.22,917.59,131958000.0,917.59
2017-01-27,918.36,923.22,915.85,919.75,125594000.0,919.75
2017-01-28,919.81,923.91,919.81,921.59,68979600.0,921.59
2017-01-29,922.07,923.42,919.15,919.5,60851700.0,919.5
2017-01-30,920.15,923.05,919.47,920.38,78227300.0,920.38
2017-01-31,920.96,972.02,920.96,970.4,164582000.0,970.4
2017-02-01,970.94,989.11,970.74,989.02,150110000.0,989.02
2017-02-02,990.0,1013.52,983.22,1011.8,145821000.0,1011.8
2017-02-03,1011.46,1033.87,1008.79,1029.91,201278000.0,1029.91
2017-02-04,1031.33,1045.9,1015.16,1042.9,155064000.0,1042.9
2017-02-05,1043.52,1043.63,1022.37,1027.34,114208000.0,1027.34
2017-02-06,1028.4,1044.64,1028.16,1038.15,111762000.0,1038.15
2017-02-07,1040.14,1061.93,1040.14,1061.35,146007000.0,1061.35
2017-02-08,1062.32,1078.97,1037.49,1063.07,201855000.0,1063.07
2017-02-09,1064.7,1088.99,953.34,994.38,407220000.0,994.38
2017-02-10,995.63,998.9,946.69,988.67,190452000.0,988.67
2017-02-11,988.9,1009.29,982.83,1004.45,102261000.0,1004.45
2017-02-12,1003.52,1004.76,996.92,999.18,67530000.0,999.18
2017-02-13,998.88,1002.1,976.0,990.64,100607000.0,990.64
2017-02-14,991.74,1011.51,986.47,1004.55,137946000.0,1004.55
2017-02-15,1006.21,1008.84,1001.58,1007.48,89759400.0,1007.48
2017-02-16,1007.65,1033.37,1007.65,1027.44,122277000.0,1027.44
2017-02-17,1026.12,1053.17,1025.64,1046.21,136474000.0,1046.21
2017-02-18,1049.21,1061.1,1046.96,1054.42,99073500.0,1054.42
2017-02-19,1054.76,1056.81,1043.46,1047.87,77423300.0,1047.87
2017-02-20,1048.69,1080.49,1041.69,1079.98,109478000.0,1079.98
2017-02-21,1079.28,1117.25,1076.93,1115.3,186869000.0,1115.3
2017-02-22,1114.8,1125.39,1100.55,1117.44,136100000.0,1117.44
2017-02-23,1117.27,1176.62,1116.96,1166.72,189454000.0,1166.72
2017-02-24,1172.71,1200.39,1131.96,1173.68,330759000.0,1173.68
2017-02-25,1170.41,1174.85,1124.59,1143.84,139961000.0,1143.84
2017-02-26,1144.27,1167.47,1130.2,1165.2,116486000.0,1165.2
2017-02-27,1163.78,1181.98,1163.38,1179.97,131570000.0,1179.97
2017-02-28,1180.72,1193.25,1171.82,1179.97,184956000.0,1179.97
2017-03-01,1180.04,1222.5,1179.69,1222.5,229057000.0,1222.5
2017-03-02,1224.68,1262.13,1215.62,1251.01,368275000.0,1251.01
2017-03-03,1250.71,1280.31,1250.71,1274.99,315739000.0,1274.99
2017-03-04,1277.43,1279.4,1230.51,1255.15,183270000.0,1255.15
2017-03-05,1254.29,1267.29,1238.06,1267.12,134127000.0,1267.12
2017-03-06,1267.47,1276.0,1264.6,1272.83,153657000.0,1272.83
2017-03-07,1273.21,1275.55,1204.8,1223.54,291256000.0,1223.54
2017-03-08,1223.23,1232.16,1148.08,1150.0,332603000.0,1150.0
2017-03-09,1150.35,1197.46,1141.23,1188.49,212283000.0,1188.49
2017-03-10,1189.36,1270.47,1077.25,1116.72,563796000.0,1116.72
2017-03-11,1116.32,1193.83,1116.32,1175.83,283320000.0,1175.83
2017-03-12,1176.62,1226.98,1175.36,1221.38,227176000.0,1221.38
2017-03-13,1221.78,1237.37,1217.03,1231.92,380277000.0,1231.92
2017-03-14,1232.16,1244.81,1220.72,1240.0,245306000.0,1240.0
2017-03-15,1240.16,1251.61,1239.75,1249.61,297805000.0,1249.61
2017-03-16,1251.33,1257.98,1152.44,1187.81,638568000.0,1187.81
2017-03-17,1180.16,1180.16,1099.57,1100.23,706599000.0,1100.23
2017-03-18,1099.69,1114.07,957.65,973.82,621302000.0,973.82
2017-03-19,976.73,1069.91,976.73,1036.74,406648000.0,1036.74
2017-03-20,1037.24,1063.03,1036.68,1054.23,286530000.0,1054.23
2017-03-21,1055.36,1122.43,1055.36,1120.54,337391000.0,1120.54
2017-03-22,1120.65,1120.65,1014.21,1049.14,380841000.0,1049.14
2017-03-23,1050.05,1058.01,1028.93,1038.59,248540000.0,1038.59
2017-03-24,1038.45,1040.47,934.36,937.52,491038000.0,937.52
2017-03-25,936.54,975.76,903.71,972.78,435803000.0,972.78
2017-03-26,974.01,1007.96,954.19,966.73,303668000.0,966.73
2017-03-27,972.05,1046.4,971.98,1045.77,372535000.0,1045.77
2017-03-28,1044.58,1064.65,1027.73,1047.15,326332000.0,1047.15
2017-03-29,1046.08,1055.13,1015.88,1039.97,298458000.0,1039.97
2017-03-30,1042.21,1049.29,1020.04,1026.43,352969000.0,1026.43
2017-03-31,1026.64,1074.92,1026.64,1071.79,447287000.0,1071.79
2017-04-01,1071.71,1091.72,1061.09,1080.5,289634000.0,1080.5
2017-04-02,1080.61,1107.59,1075.45,1102.17,514187000.0,1102.17
2017-04-03,1102.95,1151.74,1102.95,1143.81,580444000.0,1143.81
2017-04-04,1145.52,1156.44,1120.52,1133.25,436310000.0,1133.25
2017-04-05,1134.14,1135.09,1113.63,1124.78,414784000.0,1124.78
2017-04-06,1125.81,1188.37,1125.81,1182.68,511222000.0,1182.68
2017-04-07,1178.94,1186.58,1163.39,1176.9,317022000.0,1176.9
2017-04-08,1172.65,1184.98,1162.58,1175.95,209312000.0,1175.95
2017-04-09,1176.57,1197.21,1171.86,1187.87,242343000.0,1187.87
2017-04-10,1187.3,1190.34,1179.04,1187.13,215883000.0,1187.13
2017-04-11,1187.46,1208.07,1187.46,1205.01,216182000.0,1205.01
2017-04-12,1204.81,1207.14,1196.76,1200.37,288702000.0,1200.37
2017-04-13,1201.02,1205.89,1156.44,1169.28,351969000.0,1169.28
2017-04-14,1170.33,1190.8,1159.79,1167.54,254827000.0,1167.54
2017-04-15,1167.3,1188.0,1164.96,1172.52,203559000.0,1172.52
2017-04-16,1172.61,1187.22,1172.61,1182.94,183231000.0,1182.94
2017-04-17,1183.25,1194.9,1172.65,1193.91,253206000.0,1193.91
2017-04-18,1193.77,1217.57,1193.77,1211.67,270524000.0,1211.67
2017-04-19,1212.13,1215.51,1205.08,1210.29,288061000.0,1210.29
2017-04-20,1211.08,1240.79,1208.41,1229.08,315108000.0,1229.08
2017-04-21,1229.42,1235.94,1215.56,1222.05,272167000.0,1222.05
2017-04-22,1222.71,1235.56,1208.47,1231.71,249320000.0,1231.71
2017-04-23,1231.92,1232.2,1203.94,1207.21,258951000.0,1207.21
2017-04-24,1209.63,1250.94,1209.63,1250.15,235806000.0,1250.15
2017-04-25,1250.45,1267.58,1249.97,1265.49,242556000.0,1265.49
2017-04-26,1265.99,1294.83,1265.93,1281.08,329631000.0,1281.08
2017-04-27,1281.88,1319.7,1281.3,1317.73,449197000.0,1317.73
2017-04-28,1317.74,1331.28,1292.37,1316.48,527489000.0,1316.48
2017-04-29,1317.84,1327.2,1315.21,1321.79,422706000.0,1321.79
2017-04-30,1321.87,1347.91,1314.92,1347.89,413115000.0,1347.89
2017-05-01,1348.3,1434.32,1348.3,1421.6,713624000.0,1421.6
2017-05-02,1421.03,1473.9,1415.69,1452.82,477338000.0,1452.82
2017-05-03,1453.78,1492.77,1447.49,1490.09,583796000.0,1490.09
2017-05-04,1490.72,1608.91,1490.72,1537.67,933549000.0,1537.67
2017-05-05,1540.87,1618.03,1530.31,1555.45,946036000.0,1555.45
2017-05-06,1556.81,1578.8,1542.5,1578.8,582530000.0,1578.8
2017-05-07,1579.47,1596.72,1559.76,1596.71,1080030000.0,1596.71
2017-05-08,1596.92,1723.35,1596.92,1723.35,1340320000.0,1723.35
2017-05-09,1723.89,1833.49,1716.3,1755.36,1167920000.0,1755.36
2017-05-10,1756.52,1788.44,1719.1,1787.13,915723000.0,1787.13
2017-05-11,1780.37,1873.93,1755.35,1848.57,799490000.0,1848.57
2017-05-12,1845.76,1856.15,1694.01,1724.24,740984000.0,1724.24
2017-05-13,1723.12,1812.99,1651.08,1804.91,579635000.0,1804.91
2017-05-14,1800.86,1831.42,1776.62,1808.91,437196000.0,1808.91
2017-05-15,1808.44,1812.8,1708.54,1738.43,731529000.0,1738.43
2017-05-16,1741.7,1785.94,1686.54,1734.45,959045000.0,1734.45
2017-05-17,1726.73,1864.05,1661.91,1839.09,1064730000.0,1839.09
2017-05-18,1818.7,1904.48,1807.12,1888.65,894321000.0,1888.65
2017-05-19,1897.37,2004.52,1890.25,1987.71,1157290000.0,1987.71
2017-05-20,1984.24,2084.73,1974.92,2084.73,961336000.0,2084.73
2017-05-21,2067.03,2119.08,2037.5,2041.2,1147860000.0,2041.2
2017-05-22,2043.19,2303.9,2017.87,2173.4,1942220000.0,2173.4
2017-05-23,2191.56,2320.82,2178.5,2320.42,1378750000.0,2320.42
2017-05-24,2321.37,2523.72,2321.37,2443.64,1725380000.0,2443.64
2017-05-25,2446.24,2763.71,2285.3,2304.98,2406700000.0,2304.98
2017-05-26,2320.89,2573.79,2071.99,2202.42,1763480000.0,2202.42
2017-05-27,2196.27,2260.2,1855.83,2038.87,1700480000.0,2038.87
2017-05-28,2054.08,2267.34,2054.08,2155.8,1147140000.0,2155.8
2017-05-29,2159.43,2307.05,2107.17,2255.61,994625000.0,2255.61
2017-05-30,2255.36,2301.96,2124.57,2175.47,1443970000.0,2175.47
2017-05-31,2187.19,2311.08,2145.57,2286.41,1544830000.0,2286.41
2017-06-01,2288.33,2448.39,2288.33,2407.88,1653180000.0,2407.88
2017-06-02,2404.03,2488.55,2373.32,2488.55,1317030000.0,2488.55
2017-06-03,2493.72,2581.91,2423.57,2515.35,1514950000.0,2515.35
2017-06-04,2547.79,2585.89,2452.54,2511.81,1355120000.0,2511.81
2017-06-05,2512.4,2686.81,2510.22,2686.81,1369310000.0,2686.81
2017-06-06,2690.84,2999.91,2690.84,2863.2,2089610000.0,2863.2
2017-06-07,2869.38,2869.38,2700.56,2732.16,1517710000.0,2732.16
2017-06-08,2720.49,2815.3,2670.95,2805.62,1281170000.0,2805.62
2017-06-09,2807.44,2901.71,2795.62,2823.81,1348950000.0,2823.81
2017-06-10,2828.14,2950.99,2746.55,2947.71,2018890000.0,2947.71
2017-06-11,2942.41,2996.6,2840.53,2958.11,1752400000.0,2958.11
2017-06-12,2953.22,2997.26,2518.56,2659.63,2569530000.0,2659.63
2017-06-13,2680.91,2789.04,2650.38,2717.02,1781200000.0,2717.02
2017-06-14,2716.88,2786.83,2412.94,2506.37,1696560000.0,2506.37
2017-06-15,2499.58,2534.71,2212.96,2464.58,2026260000.0,2464.58
2017-06-16,2469.57,2539.92,2385.15,2518.56,1195190000.0,2518.56
2017-06-17,2514.01,2685.19,2484.96,2655.88,1534510000.0,2655.88
2017-06-18,2655.35,2662.1,2516.33,2548.29,1178660000.0,2548.29
2017-06-19,2549.03,2662.85,2549.03,2589.6,1446840000.0,2589.6
2017-06-20,2591.26,2763.45,2589.82,2721.79,1854190000.0,2721.79
2017-06-21,2709.43,2772.01,2660.4,2689.1,1626580000.0,2689.1
2017-06-22,2691.03,2723.74,2642.36,2705.41,1097940000.0,2705.41
2017-06-23,2707.34,2765.17,2706.37,2744.91,961319000.0,2744.91
2017-06-24,2738.52,2757.94,2583.19,2608.72,982750000.0,2608.72
2017-06-25,2607.25,2682.26,2552.12,2589.41,1161100000.0,2589.41
2017-06-26,2590.57,2615.25,2376.29,2478.45,1663280000.0,2478.45
2017-06-27,2478.45,2552.45,2332.99,2552.45,1489790000.0,2552.45
2017-06-28,2553.03,2603.98,2484.42,2574.79,1183870000.0,2574.79
2017-06-29,2567.56,2588.83,2510.48,2539.32,949979000.0,2539.32
2017-06-30,2539.24,2559.25,2478.43,2480.84,860273000.0,2480.84
2017-07-01,2492.6,2515.27,2419.23,2434.55,779914000.0,2434.55
2017-07-02,2436.4,2514.28,2394.84,2506.47,803747000.0,2506.47
2017-07-03,2498.56,2595.0,2480.47,2564.06,964112000.0,2564.06
2017-07-04,2561.0,2631.59,2559.35,2601.64,985516000.0,2601.64
2017-07-05,2602.87,2622.65,2538.55,2601.99,941566000.0,2601.99
2017-07-06,2608.1,2616.72,2581.69,2608.56,761957000.0,2608.56
2017-07-07,2608.59,2916.14,2498.87,2518.66,917412000.0,2518.66
2017-07-08,2520.27,2571.34,2492.31,2571.34,733330000.0,2571.34
2017-07-09,2572.61,2635.49,2517.59,2518.44,527856000.0,2518.44
2017-07-10,2525.25,2537.16,2321.13,2372.56,1111200000.0,2372.56
2017-07-11,2385.89,2413.47,2296.81,2337.79,1329760000.0,2337.79
2017-07-12,2332.77,2423.71,2275.14,2398.84,1117410000.0,2398.84
2017-07-13,2402.7,2425.22,2340.83,2357.9,835770000.0,2357.9
2017-07-14,2360.59,2363.25,2183.22,2233.34,882503000.0,2233.34
2017-07-15,2230.12,2231.14,1990.41,1998.86,993608000.0,1998.86
2017-07-16,1991.98,2058.77,1843.03,1929.82,1182870000.0,1929.82
2017-07-17,1932.62,2230.49,1932.62,2228.41,1201760000.0,2228.41
2017-07-18,2233.52,2387.61,2164.77,2318.88,1512450000.0,2318.88
2017-07-19,2323.08,2397.17,2260.23,2273.43,1245100000.0,2273.43
2017-07-20,2269.89,2900.7,2269.89,2817.6,2249260000.0,2817.6
2017-07-21,2838.41,2838.41,2621.85,2667.76,1489450000.0,2667.76
2017-07-22,2668.63,2862.42,2657.71,2810.12,1177130000.0,2810.12
2017-07-23,2808.1,2832.18,2653.94,2730.4,1072840000.0,2730.4
2017-07-24,2732.7,2777.26,2699.19,2754.86,866474000.0,2754.86
2017-07-25,2757.5,2768.08,2480.96,2576.48,1460090000.0,2576.48
2017-07-26,2577.77,2610.76,2450.8,2529.45,937404000.0,2529.45
2017-07-27,2538.71,2693.32,2529.34,2671.78,789104000.0,2671.78
2017-07-28,2679.73,2897.45,2679.73,2809.01,1380100000.0,2809.01
2017-07-29,2807.02,2808.76,2692.8,2726.45,803746000.0,2726.45
2017-07-30,2724.39,2758.53,2644.85,2757.18,705943000.0,2757.18
2017-07-31,2763.24,2889.62,2720.61,2875.34,860575000.0,2875.34
2017-08-01,2871.3,2921.35,2685.61,2718.26,1324670000.0,2718.26
2017-08-02,2727.13,2762.53,2668.59,2710.67,1094950000.0,2710.67
2017-08-03,2709.56,2813.31,2685.14,2804.73,804797000.0,2804.73
2017-08-04,2806.93,2899.33,2743.72,2895.89,1002120000.0,2895.89
2017-08-05,2897.63,3290.01,2874.83,3252.91,1945700000.0,3252.91
2017-08-06,3257.61,3293.29,3155.6,3213.94,1105030000.0,3213.94
2017-08-07,3212.78,3397.68,3180.89,3378.94,1482280000.0,3378.94
